Rk;Player;Pos;Age;Tm;G;GS;MP;FG;FGA;FG%;3P;3PA;3P%;2P;2PA;2P%;eFG%;FT;FTA;FT%;ORB;DRB;TRB;AST;STL;BLK;TOV;PF;PTS
1;Precious Achiuwa;C;23;TOR;8;0;22.3;3;7.9;0.381;0.5;2.6;0.19;2.5;5.3;0.476;0.413;2.4;2.9;0.826;1.6;6.1;7.8;1.3;0.1;0.4;1.3;1.5;8.9
2;Steven Adams;C;29;MEM;8;8;26.9;2.8;4.8;0.579;0;0;0;2.8;4.8;0.579;0.579;0.8;2.6;0.286;3.9;6.3;10.1;2.4;0.6;1.5;2.1;2.5;6.3
3;Bam Adebayo;C;25;MIA;9;9;35;7;13;0.538;0;0.2;0;7;12.8;0.548;0.538;3.9;4.6;0.854;2.2;6;8.2;3.4;1.2;1;3.4;3.6;17.9
4;Ochai Agbaji;SG;22;UTA;4;0;14.8;2;4.8;0.421;0;1.5;0;2;3.3;0.615;0.421;1;1.8;0.571;1;1;2;0.3;0;0;0;1.3;5
5;Santi Aldama;PF;22;MEM;8;8;29.4;3.6;8.3;0.439;1;3.5;0.286;2.6;4.8;0.553;0.5;1.6;2.4;0.684;2.1;4.1;6.3;0.9;0.6;1.3;0.6;2.9;9.9
6;Nickeil Alexander-Walker;SG;24;UTA;5;0;7.8;1.4;3.2;0.438;0.6;1.8;0.333;0.8;1.4;0.571;0.531;0.6;0.8;0.75;0;0.6;0.6;1.8;0.8;0.4;0.4;1.2;4
7;Grayson Allen;SG;27;MIL;7;7;26;2.6;7.7;0.333;1.6;5;0.314;1;2.7;0.368;0.435;2;2.3;0.875;0.6;2.6;3.1;2.6;0.7;0;1.3;1.3;8.7
8;Jarrett Allen;C;24;CLE;7;7;33;5.1;9.4;0.545;0;0.3;0;5.1;9.1;0.563;0.545;2;2.7;0.737;4.3;7.7;12;1.3;0.1;1.1;1.3;2.1;12.3
9;Jose Alvarado;PG;24;NOP;7;2;20.9;3.4;7;0.49;1.6;3.7;0.423;1.9;3.3;0.565;0.602;0.4;0.6;0.75;0.1;1.9;2;2.7;0.9;0.1;1.6;1.6;8.9
10;Kyle Anderson;PF;29;MIN;4;0;12.3;0.3;0.8;0.333;0;0.3;0;0.3;0.5;0.5;0.333;1.3;1.5;0.833;0.8;2;2.8;1.3;0.3;0.3;0.5;0.8;1.8
11;Giannis Antetokounmpo;PF;28;MIL;7;7;33.4;12.4;21.9;0.569;0.9;3.6;0.24;11.6;18.3;0.633;0.588;7.9;11.9;0.663;2.3;10.4;12.7;5;1.1;1.7;3;2.9;33.6
12;Thanasis Antetokounmpo;SF;30;MIL;2;0;3;0;0;0;0;0;0;0;0;0;0;0;0;0;0;0.5;0.5;0;0;0;0;0;0
13;Cole Anthony;PG;22;ORL;4;3;30.5;5.5;13.3;0.415;1.8;5;0.35;3.8;8.3;0.455;0.481;2.8;3.8;0.733;0.8;4;4.8;4.3;0.8;0.8;2;3.5;15.5
14;OG Anunoby;SF;25;TOR;8;8;34.1;5;10.9;0.46;1.8;4.8;0.368;3.3;6.1;0.531;0.54;2.4;2.9;0.826;1;5.3;6.3;1.9;2.9;1;1.9;3.6;14.1
15;Ryan Arcidiacono;PG;28;NYK;1;0;2;0;0;0;0;0;0;0;0;0;0;0;0;0;0;0;0;0;0;0;0;1;0
16;Deni Avdija;SF;22;WAS;8;6;18.5;1.6;4;0.406;0.6;1.6;0.385;1;2.4;0.421;0.484;1;1.3;0.8;0.3;3.6;3.9;1.3;0.5;0.9;0.5;3;4.9
17;Deandre Ayton;C;24;PHO;5;5;26;6.8;12.4;0.548;0.2;0.6;0.333;6.6;11.8;0.559;0.556;1.6;2.2;0.727;2;6.2;8.2;2;0.6;0.4;2.6;3.8;15.4
18;Udoka Azubuike;C;23;UTA;2;0;6;1;1.5;0.667;0;0;0;1;1.5;0.667;0.667;0;0;0;0;2.5;2.5;0;1;0.5;0.5;0.5;2
19;Patrick Baldwin Jr.;SF;20;GSW;1;0;1;0;0;0;0;0;0;0;0;0;0;0;0;0;0;0;0;0;0;0;0;0;0
20;Mo Bamba;C;24;ORL;9;0;12.6;1.8;4.2;0.421;0.6;2.1;0.263;1.2;2.1;0.579;0.487;0.3;0.6;0.6;0.6;2.7;3.2;0.7;0.1;0.6;0.8;1.9;4.4
21;Paolo Banchero;PF;20;ORL;9;9;34;7.4;16.8;0.444;1;4;0.25;6.4;12.8;0.504;0.474;5.9;8;0.736;0.9;6.8;7.7;3.6;0.7;1;3;2.2;21.8
22;Desmond Bane;SG;24;MEM;7;7;33.6;8;18.1;0.441;4.3;9.1;0.469;3.7;9;0.413;0.559;4.6;5.3;0.865;0.6;4.6;5.1;5;0.7;0.4;2.3;2.4;24.9
23;Dalano Banton;PG;23;TOR;8;0;8.4;1.6;3.1;0.52;0.6;1.4;0.455;1;1.8;0.571;0.62;0.3;0.3;1;0.3;0.6;0.9;0.5;0.3;0.4;0.3;0.5;4.1
24;Dominick Barlow;SF;19;SAS;1;0;10;1;3;0.333;0;2;0;1;1;1;0.333;0;0;0;0;1;1;3;0;0;0;2;2
25;Harrison Barnes;PF;30;SAC;7;7;33;3.4;8.9;0.387;0.6;3.3;0.174;2.9;5.6;0.513;0.419;4;5;0.8;1;4.7;5.7;2.3;0.4;0.1;1.1;1.4;11.4
26;Scottie Barnes;PF;21;TOR;7;7;29.1;6.1;11.7;0.524;1.7;3.6;0.48;4.4;8.1;0.544;0.598;1.4;1.9;0.769;1.1;4.4;5.6;4.4;1;0.6;1.9;1.6;15.4
27;RJ Barrett;SG;22;NYK;7;7;34.9;6.9;16.9;0.407;1.3;5.4;0.237;5.6;11.4;0.488;0.445;2.9;3.6;0.8;1.3;4.4;5.7;2.6;0.1;0.3;2;2;17.9
28;Will Barton;SG;32;WAS;8;0;24.5;3.5;8.1;0.431;1.5;3.5;0.429;2;4.6;0.432;0.523;1;1.1;0.889;0.4;2.4;2.8;2.3;0.8;0.3;1.3;1.6;9.5
29;Charles Bassey;C;22;SAS;1;0;12;3;5;0.6;1;2;0.5;2;3;0.667;0.7;2;2;1;1;3;4;0;0;2;0;1;9
30;Keita Bates-Diop;SF;27;SAS;8;2;11.9;3;5.6;0.533;0.5;1.4;0.364;2.5;4.3;0.588;0.578;1.4;1.5;0.917;0.6;1.3;1.9;0.5;0.1;0;1.4;0.5;7.9
31;Nicolas Batum;PF;34;LAC;8;1;17.1;1.5;3.3;0.462;0.8;2.1;0.353;0.8;1.1;0.667;0.577;0.6;0.9;0.714;0.6;2.8;3.4;1.4;0.6;1;0.8;2.5;4.4
32;Darius Bazley;PF;22;OKC;8;0;17.6;2.6;6;0.438;0.5;1.5;0.333;2.1;4.5;0.472;0.479;0.5;1.1;0.444;1.8;3.5;5.3;1.4;0.5;1.4;0.8;1.3;6.3
33;Bradley Beal;SG;29;WAS;8;8;35.9;8.3;15.6;0.528;1.4;4.3;0.324;6.9;11.4;0.604;0.572;3.9;4.3;0.912;0.8;2.9;3.6;6;0.8;0.8;3;2.1;21.8
34;Malik Beasley;SG;26;UTA;9;0;25.3;4.2;10.2;0.413;2.3;5.9;0.396;1.9;4.3;0.436;0.527;0.8;0.9;0.875;0.9;2.2;3.1;1.1;1;0.2;0.6;0.6;11.6
35;MarJon Beauchamp;SF;22;MIL;4;0;7.3;0.5;1.8;0.286;0.3;1.3;0.2;0.3;0.5;0.5;0.357;0.8;1;0.75;0.3;1;1.3;0.3;0.5;0.3;1;0.8;2
36;Patrick Beverley;PG;34;LAL;7;7;27.7;1.1;4.4;0.258;0.6;3;0.19;0.6;1.4;0.4;0.323;1.7;1.7;1;1;2.9;3.9;2.9;1.3;0.6;1.1;3;4.6
37;Saddiq Bey;SF;23;DET;9;9;31.6;4.9;10.9;0.449;1.9;5.4;0.347;3;5.4;0.551;0.536;4.3;4.9;0.886;1.2;3.7;4.9;1.4;0.7;0.3;1.6;1.9;16
38;Khem Birch;C;30;TOR;4;0;8.5;0.8;1.3;0.6;0.3;0.3;1;0.5;1;0.5;0.7;0.5;0.5;1;0.8;0.5;1.3;0.3;0.8;0.3;0.3;2;2.3
39;Goga Bitadze;C;23;IND;7;0;14;1.9;3.3;0.565;0.1;0.9;0.167;1.7;2.4;0.706;0.587;1;2;0.5;1.7;2;3.7;1.6;0.6;0.6;0.6;2.3;4.9
40;Bismack Biyombo;C;30;PHO;5;2;16.6;2;2.8;0.714;0;0;0;2;2.8;0.714;0.714;0.8;1.4;0.571;1;3.8;4.8;0.8;0;2.2;0.8;2.4;4.8
41;Buddy Boeheim;PG;23;DET;1;0;1;0;0;0;0;0;0;0;0;0;0;0;0;0;0;0;0;0;0;0;0;0;0
42;Bojan Bogdanovi?;PF;33;DET;9;9;31.6;7.1;13.7;0.52;3.7;7.3;0.5;3.4;6.3;0.544;0.654;3.9;4.1;0.946;0.6;2.9;3.4;2.1;0.4;0;1.8;2.1;21.8
43;Bol Bol;PF;23;ORL;9;4;21.3;4.2;6.4;0.655;0.3;1.1;0.3;3.9;5.3;0.729;0.681;1.6;1.9;0.824;1.8;5.4;7.2;0.4;0.1;2.6;1.7;1.6;10.3
44;Leandro Bolmaro;SG;22;UTA;2;0;8;0.5;1.5;0.333;0;0.5;0;0.5;1;0.5;0.333;0;0;0;0.5;0;0.5;1;0;0.5;0.5;1.5;1
45;Devin Booker;SG;26;PHO;7;7;36.1;10;19.9;0.504;2.1;6.1;0.349;7.9;13.7;0.573;0.558;5.6;6.6;0.848;0.7;3.1;3.9;5.4;0.9;0.3;2.6;2.3;27.7
46;Brandon Boston Jr.;SG;21;LAC;5;0;3.2;1;2;0.5;0.4;0.6;0.667;0.6;1.4;0.429;0.6;0.2;0.4;0.5;0.2;0.2;0.4;0;0;0;0;0.2;2.6
47;Chris Boucher;PF;30;TOR;5;0;19.4;4.6;7.2;0.639;1.8;3.2;0.563;2.8;4;0.7;0.764;0.8;1.4;0.571;1.2;2.8;4;0.8;1;1.2;0.8;3.2;11.8
48;James Bouknight;SG;22;CHO;8;0;17.6;2;6.9;0.291;1.3;4.4;0.286;0.8;2.5;0.3;0.382;0.6;1;0.625;0;2;2;1;0.3;0.1;0.9;1.6;5.9
49;Tony Bradley;C;25;CHI;2;0;3;0;0.5;0;0;0.5;0;0;0;0;0;0;0;0;0.5;1;1.5;0;0;0;0;0;0
50;Malaki Branham;SF;19;SAS;2;0;21;2.5;9;0.278;1.5;5;0.3;1;4;0.25;0.361;2.5;3;0.833;1;1;2;2.5;0;0;0.5;1;9
51;Christian Braun;SG;21;DEN;8;0;16.4;1.8;3.6;0.483;0.6;1.6;0.385;1.1;2;0.563;0.569;0.3;0.5;0.5;0.9;1.6;2.5;1.1;0.5;0.3;0.5;1.1;4.4
52;Mikal Bridges;SF;26;PHO;7;7;35.7;6.1;9.6;0.642;1;2.1;0.467;5.1;7.4;0.692;0.694;2.6;3;0.857;1.7;3.7;5.4;3.1;0.6;1.3;1.4;2.7;15.9
53;Oshae Brissett;SF;24;IND;4;0;6.8;0.3;1.8;0.143;0.3;1.3;0.2;0;0.5;0;0.214;0;0;0;0.3;0.5;0.8;0;0;0;0.5;0.5;0.8
54;Malcolm Brogdon;PG;30;BOS;7;0;23.1;4.7;10.1;0.465;1.3;3.4;0.375;3.4;6.7;0.511;0.528;2.9;3;0.952;0.9;2.4;3.3;3.6;0.6;0;1.7;1.6;13.6
55;Dillon Brooks;SG;27;MEM;5;5;27.8;5.4;13.6;0.397;2.2;5.4;0.407;3.2;8.2;0.39;0.478;1.6;2.4;0.667;0.2;1.8;2;1.6;0.8;0;1.4;2.8;14.6
56;Bruce Brown;PG;26;DEN;8;3;28.3;4.5;8.9;0.507;1.8;3.8;0.467;2.8;5.1;0.537;0.606;0.4;0.8;0.5;1.1;2.1;3.3;4.1;0.6;0.4;1.3;1.9;11.1
57;Greg Brown III;PF;21;POR;3;0;4.3;1.3;1.7;0.8;0;0;0;1.3;1.7;0.8;0.8;0;1;0;0;0;0;0;0.3;0.3;0.3;0;2.7
58;Jaylen Brown;SF;26;BOS;7;7;37.6;9.4;21;0.449;2.6;7.7;0.333;6.9;13.3;0.516;0.51;4.6;5.4;0.842;1;5.9;6.9;3;1.1;0.9;3;2.9;26
59;Moses Brown;C;23;LAC;5;0;4.8;1.6;2.2;0.727;0;0;0;1.6;2.2;0.727;0.727;0.4;1;0.4;0.6;1.2;1.8;0;0;0.6;0;0.8;3.6
60;Troy Brown Jr.;SF;23;LAL;5;3;27;3.4;8;0.425;1;3.4;0.294;2.4;4.6;0.522;0.488;1.2;1.2;1;1;5.6;6.6;1.2;0.6;0;1;2.2;9
61;Jalen Brunson;PG;26;NYK;7;7;33.7;7.1;14.9;0.481;1.3;4;0.321;5.9;10.9;0.539;0.524;2.9;3.9;0.741;0.3;3.4;3.7;6.9;1.1;0.3;1.9;2.7;18.4
62;Reggie Bullock;SF;31;DAL;7;7;32.3;2.1;5.7;0.375;1.9;4.7;0.394;0.3;1;0.286;0.538;0.4;0.7;0.6;0.6;2.3;2.9;0.9;0.9;0.1;0.7;3;6.6
63;Jimmy Butler;SF;33;MIA;8;8;35.5;6.8;14.4;0.47;1.1;2.9;0.391;5.6;11.5;0.489;0.509;6.9;7.9;0.873;2.1;4.3;6.4;5.5;1.5;0.3;1.6;1.1;21.5
64;Kentavious Caldwell-Pope;SG;29;DEN;7;7;32;3.9;8.6;0.45;2.7;5.1;0.528;1.1;3.4;0.333;0.608;0.9;0.9;1;0.4;3.4;3.9;3;1;0.6;1;2.3;11.3
65;Facundo Campazzo;PG;31;DAL;2;0;8;0.5;2;0.25;0.5;1.5;0.333;0;0.5;0;0.375;0;0;0;0;0;0;1.5;1.5;0;0;0.5;1.5
66;Vlatko ?an?ar;PF;25;DEN;3;0;2;0;0.3;0;0;0;0;0;0.3;0;0;0;0;0;0;0;0;0;0;0;0.3;0;0
67;Clint Capela;C;28;ATL;8;8;26.3;3.8;6.8;0.556;0;0;0;3.8;6.8;0.556;0.556;0.9;1.6;0.538;3.3;5.6;8.9;0.8;0.9;1.5;0.9;1.6;8.4
68;Vernon Carey Jr.;C;21;WAS;1;0;1;0;0;0;0;0;0;0;0;0;0;0;0;0;0;0;0;0;0;0;0;0;0
69;Jevon Carter;PG;27;MIL;7;7;23.6;1.4;5;0.286;0.7;3.3;0.217;0.7;1.7;0.417;0.357;0.3;0.3;1;0.9;1.6;2.4;1.7;1.9;0.4;1;2.9;3.9
70;Wendell Carter Jr.;C;23;ORL;9;9;32.7;5.4;11.1;0.49;1;3.3;0.3;4.4;7.8;0.571;0.535;4;5;0.8;2.6;6.9;9.4;2.7;0.8;0.4;2.1;3.3;15.9
71;Alex Caruso;PG;28;CHI;9;4;24.1;1.6;4.2;0.368;0.9;2.4;0.364;0.7;1.8;0.375;0.474;1.3;1.8;0.75;0.6;2.2;2.8;3.4;1.6;0.9;1.7;1.9;5.3
72;Justin Champagnie;SF;21;TOR;2;0;4.5;1.5;1.5;1;0;0;0;1.5;1.5;1;1;0;0;0;0.5;1;1.5;0;0;0;0;0.5;3
73;Kennedy Chandler;PG;20;MEM;4;0;8.8;0.8;2.3;0.333;0;0.5;0;0.8;1.8;0.429;0.333;0.3;1;0.25;0;0.3;0.3;1.5;0;0.5;1;0.5;1.8
74;Max Christie;SG;19;LAL;2;0;2.5;0.5;0.5;1;0.5;0.5;1;0;0;0;1.5;1;1;1;0;1;1;0.5;0;0;0;0;2.5
75;Josh Christopher;SG;21;HOU;7;0;7.7;1.3;3.1;0.409;0.1;1.3;0.111;1.1;1.9;0.615;0.432;0.1;0.3;0.5;0.3;1.3;1.6;0.6;0;0;0.6;0.6;2.9
76;Brandon Clarke;PF;26;MEM;8;0;16.8;3.8;5.9;0.638;0;0.4;0;3.8;5.5;0.682;0.638;1.4;2.1;0.647;0.9;2.8;3.6;1.3;0.4;0.6;1.1;2.4;8.9
77;Jordan Clarkson;SG;30;UTA;9;9;31.1;6.1;14.9;0.41;3;8.1;0.37;3.1;6.8;0.459;0.511;1.9;2.7;0.708;1.6;3;4.6;5.6;0.4;0.7;2.6;2;17.1
78;Nic Claxton;C;23;BRK;8;8;29;5.3;7.5;0.7;0;0.1;0;5.3;7.4;0.712;0.7;1.4;3.4;0.407;3;5.8;8.8;1;0.5;2.1;1.6;2.6;11.9
79;Amir Coffey;SG;25;LAC;7;0;10.3;0.6;1.9;0.308;0;0.3;0;0.6;1.6;0.364;0.308;1.4;1.7;0.833;0.3;0.9;1.1;0.7;0.1;0.1;0.3;0.7;2.6
80;John Collins;PF;25;ATL;8;8;32.6;5.4;10.3;0.524;0.8;3.1;0.24;4.6;7.1;0.649;0.561;2;2.3;0.889;2;8.3;10.3;1;1;1.6;1.9;3.5;13.5
81;Zach Collins;PF;25;SAS;8;0;17.3;3.4;6.5;0.519;0.8;2;0.375;2.6;4.5;0.583;0.577;0.8;1.1;0.667;1.5;2.9;4.4;2.9;0.6;1.3;1.8;3.1;8.3
82;Mike Conley;PG;35;UTA;8;8;30.8;3.6;9.5;0.382;2.4;5.8;0.413;1.3;3.8;0.333;0.507;1.9;2.5;0.75;0.3;1.9;2.1;7.1;1.3;0.5;1.6;2;11.5
83;Robert Covington;PF;32;LAC;5;0;17.4;1.6;3.8;0.421;0.8;2.6;0.308;0.8;1.2;0.667;0.526;1.2;1.2;1;0.2;4.4;4.6;1.4;0.6;1;0.6;2.4;5.2
84;Torrey Craig;SF;32;PHO;7;0;14.6;2.1;3.4;0.625;1;2.1;0.467;1.1;1.3;0.889;0.771;0.1;0.3;0.5;1.6;2;3.6;1;0.3;0.1;0.4;1.3;5.4
85;Cade Cunningham;PG;21;DET;9;9;34.3;8.6;19.3;0.443;1.3;4.7;0.286;7.2;14.7;0.492;0.477;3.2;3.8;0.853;1;5.1;6.1;6.4;1;0.4;3.4;3;21.7
86;Seth Curry;SG;32;BRK;1;0;18;0;5;0;0;5;0;0;0;0;0;0;0;0;0;2;2;6;1;1;0;3;0
87;Stephen Curry;PG;34;GSW;9;9;34.9;10.1;20.8;0.487;5.1;12.3;0.414;5;8.4;0.592;0.61;5.7;6;0.944;0.9;6.1;7;6.8;1.2;0.1;2.9;2.1;31
88;Dyson Daniels;PG;19;NOP;3;0;13.7;2.3;3.7;0.636;1;1.3;0.75;1.3;2.3;0.571;0.773;0.7;1.3;0.5;0.7;2;2.7;2;1;0.7;0.7;1.3;6.3
89;Anthony Davis;C;29;LAL;6;6;35.7;9.5;18.2;0.523;0.3;1.8;0.182;9.2;16.3;0.561;0.532;3.8;4.8;0.793;3.2;8.3;11.5;2.3;2.2;2.3;1.5;2.7;23.2
90;Johnny Davis;SG;20;WAS;4;0;5.8;0.5;1.8;0.286;0;0.3;0;0.5;1.5;0.333;0.286;0;0;0;0;0.5;0.5;0.5;0;0;0;1.5;1
91;Terence Davis;SG;25;SAC;7;0;11.7;1.7;4.3;0.4;0.7;2.7;0.263;1;1.6;0.636;0.483;1.4;1.7;0.833;0.4;1.7;2.1;1;0.6;0.1;0.4;2;5.6
92;Dewayne Dedmon;C;33;MIA;7;0;11;2;3.1;0.636;0.6;1.1;0.5;1.4;2;0.714;0.727;0.6;0.6;1;0.6;2.4;3;0.7;0;0.1;0.7;2.1;5.1
93;Matthew Dellavedova;PG;32;SAC;3;0;9.7;1;2.3;0.429;0.7;1;0.667;0.3;1.3;0.25;0.571;0;0;0;0.3;0.3;0.7;1.3;0.3;0;0.7;1.7;2.7
94;DeMar DeRozan;SF;33;CHI;9;9;33.4;8;16.6;0.483;0.4;1.3;0.333;7.6;15.2;0.496;0.497;6.9;7.7;0.899;0.4;3.6;4;4.2;1.2;0.2;2.2;2.1;23.3
95;Moussa Diabaté;PF;21;LAC;2;0;3;0.5;0.5;1;0;0;0;0.5;0.5;1;1;0.5;0.5;1;0;1;1;0.5;0.5;0;0;0;1.5
96;Mamadi Diakite;PF;26;CLE;1;0;0;0;0;0;0;0;0;0;0;0;0;0;0;0;0;0;0;0;0;0;0;0;0
97;Hamidou Diallo;SG;24;DET;9;0;14.1;1.9;4.8;0.395;0;0.3;0;1.9;4.4;0.425;0.395;1.3;2.2;0.6;1;2.1;3.1;0.9;0.6;0;0.6;2.2;5.1
98;Gorgui Dieng;C;33;SAS;5;0;8.8;1.2;2.8;0.429;0.8;2.4;0.333;0.4;0.4;1;0.571;0;0;0;0.8;1.4;2.2;2;0;0.8;0.8;1.6;3.2
99;Ousmane Dieng;SF;19;OKC;7;0;13.1;1.1;3.6;0.32;0.4;2.1;0.2;0.7;1.4;0.5;0.38;0.1;0.3;0.5;0.3;1.9;2.1;1.1;0.1;0.3;0.4;0.7;2.9
100;Spencer Dinwiddie;PG;29;DAL;7;7;32;6.4;13.3;0.484;2.7;6.3;0.432;3.7;7;0.531;0.586;1.1;1.7;0.667;0.1;2.7;2.9;3.9;1.3;0;1.6;2.6;16.7
101;Donte DiVincenzo;SG;26;GSW;3;0;14;1.7;3.7;0.455;0.7;2;0.333;1;1.7;0.6;0.545;1;1.3;0.75;0;0.7;0.7;1;0.3;0;2;1.3;5
102;Luka Don?i?;PG;23;DAL;7;7;36.6;12.7;24.7;0.514;2;8.4;0.237;10.7;16.3;0.658;0.555;8.7;11.3;0.772;1.1;7.7;8.9;9;1.7;0.4;3.3;3.1;36.1
103;Tyler Dorsey;SG;26;DAL;1;0;4;4;4;1;1;1;1;3;3;1;1.125;0;0;0;1;1;2;0;0;0;0;0;9
104;Luguentz Dort;SG;23;OKC;8;8;31.9;5.1;13.6;0.376;1.3;6.1;0.204;3.9;7.5;0.517;0.422;3.1;4.1;0.758;1.1;2.6;3.8;2.1;1.5;0.3;0.9;3.3;14.6
105;Ayo Dosunmu;PG;23;CHI;8;8;30.5;5;10;0.5;1.5;3.9;0.387;3.5;6.1;0.571;0.575;1;1;1;0.5;3.9;4.4;3.3;1.1;0.3;1.4;2.4;12.5
106;Jeff Dowtin;PG;25;TOR;2;0;4;1;2;0.5;0;0;0;1;2;0.5;0.5;0;0;0;0;0.5;0.5;1;0;0;0;0;2
107;Goran Dragi?;PG;36;CHI;9;0;17.3;3.3;7.4;0.448;1.7;3.1;0.536;1.7;4.3;0.385;0.56;1.1;1.6;0.714;0.2;1.4;1.7;3.6;0.2;0.2;1.1;1.4;9.4
108;Andre Drummond;C;29;CHI;6;0;16.8;3.8;7.2;0.535;0;0.3;0;3.8;6.8;0.561;0.535;1.3;2;0.667;3.7;6.5;10.2;0.8;1;0.5;1.8;2.8;9
109;Chris Duarte;SF;25;IND;8;4;21.5;3.5;8.6;0.406;1.6;4.6;0.351;1.9;4;0.469;0.5;1.4;1.5;0.917;0.5;1.9;2.4;0.9;0.1;0.5;1;1.9;10
110;David Duke Jr.;SG;23;BRK;2;0;19.5;2.5;5;0.5;0;1;0;2.5;4;0.625;0.5;1;1;1;1;1.5;2.5;1.5;1;0;1.5;4;6
111;Kevin Durant;PF;34;BRK;8;8;37.8;10.6;20.1;0.528;1.8;5.1;0.341;8.9;15;0.592;0.571;9.5;10.1;0.938;0.5;5.1;5.6;4.4;1;2;3.9;2.5;32.5
112;Jalen Duren;C;19;DET;7;0;20.7;3.3;5.9;0.561;0;0.1;0;3.3;5.7;0.575;0.561;0.9;2.3;0.375;3.1;3.6;6.7;0.1;0.1;1.3;1.3;2;7.4
113;Tari Eason;PF;21;HOU;9;0;16.9;2.9;6.9;0.419;0.7;1.7;0.4;2.2;5.2;0.426;0.468;0.7;0.8;0.857;2.1;2.8;4.9;0.7;1;0.8;0.7;2.2;7.1
114;Anthony Edwards;SG;21;MIN;8;8;36.9;8.8;19.5;0.449;3;8.1;0.369;5.8;11.4;0.505;0.526;2.6;4.1;0.636;0.5;5.6;6.1;4;1.1;0.4;3.1;3.3;23.1
115;Kessler Edwards;SF;22;BRK;3;0;2;0.3;1;0.333;0.3;0.7;0.5;0;0.3;0;0.5;0;0;0;0;0.7;0.7;0.7;0.3;0;0;0;1
116;Joel Embiid;C;28;PHI;6;6;34.5;9.7;18.2;0.532;1;3.3;0.3;8.7;14.8;0.584;0.56;6.8;8.7;0.788;1.3;8.2;9.5;3.3;0.5;1.2;3.7;3.2;27.2
117;Drew Eubanks;C;25;POR;7;0;13;1.6;2.6;0.611;0;0;0;1.6;2.6;0.611;0.611;1.4;1.9;0.769;1.3;1.1;2.4;0.4;0.3;0.6;0.7;1.7;4.6
118;Bruno Fernando;C;24;HOU;2;2;18.5;2.5;3;0.833;0;0;0;2.5;3;0.833;0.833;0.5;1;0.5;2.5;4;6.5;4.5;0.5;1;0.5;1.5;5.5
119;Dorian Finney-Smith;PF;29;DAL;7;7;32.9;3;7.1;0.42;1.3;4.4;0.29;1.7;2.7;0.632;0.51;0.1;0.4;0.333;1.6;2.7;4.3;0.7;0.9;0.7;0.6;2.7;7.4
120;Malachi Flynn;PG;24;TOR;5;0;7.8;1.6;3.4;0.471;1;1.8;0.556;0.6;1.6;0.375;0.618;0;0;0;0.2;0.4;0.6;0.6;0.2;0;0;1.4;4.2
121;Simone Fontecchio;SF;27;UTA;4;0;5.8;1.3;2.8;0.455;0.8;1.8;0.429;0.5;1;0.5;0.591;0;0;0;0.5;0.5;1;0;0;0;0.5;1;3.3
122;Bryn Forbes;SG;29;MIN;6;0;10;0.7;3;0.222;0.2;1.3;0.125;0.5;1.7;0.3;0.25;0.7;0.7;1;0.5;0.3;0.8;0.7;0.5;0;0.3;0.7;2.2
123;Trent Forrest;PG;24;ATL;3;0;3.3;0;0.7;0;0;0;0;0;0.7;0;0;0;0;0;0;0.7;0.7;0.7;0;0;0;0;0
124;Evan Fournier;SG;30;NYK;7;7;24.4;3.7;9.3;0.4;2.3;5.9;0.39;1.4;3.4;0.417;0.523;0.9;1;0.857;0.1;2.6;2.7;1.6;0.7;0.1;1;2.9;10.6
125;De'Aaron Fox;PG;25;SAC;6;6;30.8;9.5;17.3;0.548;2;5.2;0.387;7.5;12.2;0.616;0.606;3.5;4.2;0.84;0.8;5.2;6;4.8;0.8;0.7;3.8;3.3;24.5
126;Wenyen Gabriel;PF;25;LAL;5;0;11.2;1.6;3;0.533;0;0.6;0;1.6;2.4;0.667;0.533;0.4;0.8;0.5;0.8;1.8;2.6;0.6;0.8;0.4;0.6;1.8;3.6
127;Daniel Gafford;C;24;WAS;8;0;14.4;2.4;3.6;0.655;0;0;0;2.4;3.6;0.655;0.655;1;1.8;0.571;1.4;1.8;3.1;0.4;0.5;0.9;1.5;1.6;5.8
128;Darius Garland;PG;23;CLE;2;2;28;5.5;14;0.393;2.5;6;0.417;3;8;0.375;0.482;3;3.5;0.857;0;3;3;7.5;2.5;0.5;3;2;16.5
129;Usman Garuba;PF;20;HOU;7;1;12.1;1.4;2.3;0.625;0.3;0.4;0.667;1.1;1.9;0.615;0.688;0.1;0.7;0.2;2.6;2.9;5.4;0.9;1;0.1;1.3;1.7;3.3
130;Rudy Gay;SF;36;UTA;6;0;16.2;2;5.2;0.387;0.8;2.7;0.313;1.2;2.5;0.467;0.468;0.3;0.7;0.5;0.7;2.8;3.5;1.2;0.5;0.7;0.8;1.7;5.2
131;Paul George;SF;32;LAC;7;7;34.6;8.3;18.7;0.443;2.4;7.6;0.321;5.9;11.1;0.526;0.508;3.6;4;0.893;0.7;5.9;6.6;4.7;2;0.4;3.7;2.4;22.6
132;Taj Gibson;PF;37;WAS;3;0;3.7;1;1.7;0.6;0.3;1;0.333;0.7;0.7;1;0.7;0.7;0.7;1;0;0.3;0.3;0;0;0;0;0.3;3
133;Josh Giddey;SG;20;OKC;5;5;29;5.8;13.6;0.426;1.2;4;0.3;4.6;9.6;0.479;0.471;0.4;0.6;0.667;1;4.4;5.4;6;0.6;0.8;3;2.6;13.2
134;Shai Gilgeous-Alexander;SG;24;OKC;7;7;35.9;12;22;0.545;1;3.1;0.318;11;18.9;0.583;0.568;7.3;7.4;0.981;1;3.7;4.7;6.3;2.4;1.1;3.4;2.3;32.3
135;Anthony Gill;PF;30;WAS;8;2;13.5;1.8;3.3;0.538;0.3;1.1;0.222;1.5;2.1;0.706;0.577;0.5;0.5;1;0.8;1.4;2.1;0.8;0.1;0.1;0.3;1.4;4.3
136;Rudy Gobert;C;30;MIN;8;8;32.5;5;8.4;0.597;0;0.1;0;5;8.3;0.606;0.597;3.3;5.1;0.634;4.8;9.3;14;1.3;0.5;1.6;1.5;2.4;13.3
137;Jordan Goodwin;PG;24;WAS;2;0;10.5;2;2.5;0.8;0;0.5;0;2;2;1;0.8;0;0;0;0.5;2;2.5;1;0.5;0.5;1;0.5;4
138;Aaron Gordon;PF;27;DEN;8;8;29.3;6.3;11.3;0.556;1;3.4;0.296;5.3;7.9;0.667;0.6;1.9;3.1;0.6;2.3;4;6.3;2;0.3;1.1;1.3;1.3;15.4
139;Eric Gordon;SG;34;HOU;7;7;31.7;4.4;9.9;0.449;1.7;4.9;0.353;2.7;5;0.543;0.536;1.9;2.3;0.813;0.3;2;2.3;3.1;1;0.6;2.3;0.9;12.4
140;Devonte' Graham;PG;27;NOP;7;0;19.7;2;5;0.4;1.7;3.9;0.444;0.3;1.1;0.25;0.571;0.7;1.1;0.625;0.1;1.4;1.6;2.6;0.6;0.1;0.7;1;6.4
141;Jerami Grant;PF;28;POR;7;7;35.3;5.1;11.6;0.444;1.9;4.9;0.382;3.3;6.7;0.489;0.525;4.6;6.3;0.727;0.4;3.7;4.1;2.3;0.6;0.7;2;1.7;16.7
142;A.J. Green;SG;23;MIL;1;0;2;0;0;0;0;0;0;0;0;0;0;0;0;0;0;0;0;1;0;0;0;0;0
143;Draymond Green;PF;32;GSW;9;9;29.1;3.9;6.3;0.614;0.3;1.1;0.3;3.6;5.2;0.681;0.64;0.8;1.3;0.583;0.8;5.1;5.9;5.6;1.1;0.7;2.4;3.8;8.9
144;Jalen Green;SG;20;HOU;9;9;33.3;7;18.6;0.377;2.6;7.3;0.348;4.4;11.2;0.396;0.446;2.8;3.6;0.781;0.7;3.7;4.3;2;0.9;0.3;2;1.8;19.3
145;JaMychal Green;PF;32;GSW;9;0;18;2;4.7;0.429;0.4;1.8;0.25;1.6;2.9;0.538;0.476;0.4;0.6;0.8;2.2;2.9;5.1;0.7;1.1;0.6;1;2.1;4.9
146;Javonte Green;SG;29;CHI;9;0;18.3;2.4;4.3;0.564;0.6;1.4;0.385;1.9;2.9;0.654;0.628;1;1.3;0.75;1.4;2.2;3.7;0.9;1.4;0.9;0.7;2.4;6.4
147;Jeff Green;PF;36;DEN;8;0;19.5;3;6;0.5;0.5;1.5;0.333;2.5;4.5;0.556;0.542;2.1;2.9;0.739;0.9;2.4;3.3;1.3;0.8;0;0.6;2.1;8.6
148;Josh Green;SG;22;DAL;7;0;15.9;1.6;2.4;0.647;1;1.7;0.583;0.6;0.7;0.8;0.853;1;1.7;0.583;1;1.6;2.6;0.7;1;0.1;0.9;1.9;5.1
149;AJ Griffin;SF;19;ATL;5;0;8.2;1.8;3.4;0.529;1;2;0.5;0.8;1.4;0.571;0.676;0;0;0;0.4;0.4;0.8;0.6;0.4;0;0;0.6;4.6
150;Blake Griffin;PF;33;BOS;4;0;8.8;0.5;2;0.25;0.3;0.8;0.333;0.3;1.3;0.2;0.313;1.3;1.5;0.833;1.3;1.5;2.8;0.8;0.5;0;0.5;2;2.5
151;Quentin Grimes;SG;22;NYK;1;0;5;0;1;0;0;1;0;0;0;0;0;0;0;0;0;0;0;1;0;0;0;1;0
152;Rui Hachimura;PF;24;WAS;8;0;24.1;4.4;9.6;0.455;0.5;2;0.25;3.9;7.6;0.508;0.481;1.8;2.3;0.778;1.3;4.5;5.8;1.3;0.3;0.6;1.5;1;11
153;Tyrese Haliburton;PG;22;IND;8;8;33.4;7.4;15.1;0.488;2.8;6.1;0.449;4.6;9;0.514;0.579;4.4;4.6;0.946;1.3;3.4;4.6;9.4;1.6;0.1;3.6;1.3;21.9
154;Jordan Hall;SF;21;SAS;1;0;21;1;4;0.25;1;3;0.333;0;1;0;0.375;0;0;0;0;1;1;2;0;0;2;0;3
155;R.J. Hampton;PG;21;ORL;8;0;16.4;2.3;4.4;0.514;1.1;2;0.563;1.1;2.4;0.474;0.643;1.5;1.6;0.923;0.6;1.4;2;1.3;0.9;0.3;0.9;1.5;7.1
156;Tim Hardaway Jr.;SG;30;DAL;6;0;25.2;3.3;10.7;0.313;2;6.2;0.324;1.3;4.5;0.296;0.406;3.8;4;0.958;0;1.7;1.7;1.7;0.5;0.3;1;1.7;12.5
157;James Harden;SG;33;PHI;9;9;36.8;7;15.9;0.441;2.2;6.7;0.333;4.8;9.2;0.518;0.51;5.8;6.2;0.929;0.6;6.4;7;10;1.1;0.7;2.9;2;22
158;Jaden Hardy;SG;20;DAL;2;0;5;0;2.5;0;0;1;0;0;1.5;0;0;0;0;0;0;1;1;0.5;0;0;1;1;0
159;Ron Harper Jr.;SF;22;TOR;1;0;3;0;1;0;0;1;0;0;0;0;0;0;0;0;0;0;0;0;0;0;0;0;0
160;Montrezl Harrell;C;29;PHI;9;0;10.3;1;2.2;0.45;0;0;0;1;2.2;0.45;0.45;0.9;1.3;0.667;0.6;1;1.6;0.4;0.2;0.6;0.3;1.2;2.9
161;Joe Harris;SG;31;BRK;6;2;22.5;2.5;6.3;0.395;1.5;4.3;0.346;1;2;0.5;0.513;0.2;0.5;0.333;0.7;2;2.7;1.8;0.5;0.5;0.5;2.2;6.7
162;Kevon Harris;SG;25;ORL;7;0;13;1.3;3.1;0.409;0.6;1.3;0.444;0.7;1.9;0.385;0.5;1;1.4;0.7;0.7;1.6;2.3;0.6;0.4;0;1;1.6;4.1
163;Tobias Harris;PF;30;PHI;9;9;32.6;5.1;10.7;0.479;2.4;5.4;0.449;2.7;5.2;0.511;0.594;0.8;1.3;0.583;1.2;5;6.2;2.6;1.4;0.7;0.7;2.2;13.4
164;Josh Hart;SG;27;POR;7;7;36.4;3.4;6.9;0.5;0.4;1.3;0.333;3;5.6;0.538;0.531;2.4;3;0.81;2.1;6.6;8.7;4;1.3;0.3;1.9;2.3;9.7
165;Isaiah Hartenstein;C;24;NYK;7;0;25;3.6;6.7;0.532;0.3;1.4;0.2;3.3;5.3;0.622;0.553;0.9;1.1;0.75;3.7;4;7.7;1.1;1;1.4;1.1;2.9;8.3
166;Udonis Haslem;PF;42;MIA;2;0;5;0.5;1.5;0.333;0;0;0;0.5;1.5;0.333;0.333;0.5;1;0.5;0;1;1;0;0;0.5;0;0.5;1.5
167;Sam Hauser;PF;25;BOS;7;0;11.3;1.6;2.9;0.55;1.4;2.7;0.526;0.1;0.1;1;0.8;0.1;0.3;0.5;0.1;1.3;1.4;0.4;0.3;0.1;0.1;1.1;4.7
168;Jaxson Hayes;C;22;NOP;5;0;7.4;0.2;1;0.2;0;0.4;0;0.2;0.6;0.333;0.2;0;0.4;0;0.2;0.8;1;0.6;0.2;0.2;0.2;1;0.4
169;Killian Hayes;PG;21;DET;9;0;17.7;1;5.8;0.173;0.3;1.9;0.176;0.7;3.9;0.171;0.202;0.4;0.6;0.8;0.3;1.9;2.2;3.2;0.7;0.4;1.4;2.4;2.8
170;Gordon Hayward;SF;32;CHO;8;8;31;6.3;13.3;0.472;1.3;3.5;0.357;5;9.8;0.513;0.519;3.6;4.6;0.784;0.5;3.8;4.3;4.1;0.8;0.3;2.8;0.8;17.4
171;Juancho Hernangómez;PF;27;TOR;4;0;6;0;0.5;0;0;0.5;0;0;0;0;0;0;0;0;0;0.5;0.5;0.5;0.3;0.3;0.3;0.5;0
172;Willy Hernangómez;C;28;NOP;2;0;7;0.5;2.5;0.2;0;0.5;0;0.5;2;0.25;0.2;1;1;1;2;2.5;4.5;0.5;0;0;0.5;1;2
173;Tyler Herro;SG;23;MIA;9;9;30.7;7.1;14.9;0.478;2.2;6;0.37;4.9;8.9;0.55;0.552;2.1;2.4;0.864;0.7;5.9;6.6;2.3;0.6;0.7;1.8;1.7;18.6
174;Buddy Hield;SG;30;IND;8;8;29.9;6.4;13.8;0.464;4;9.4;0.427;2.4;4.4;0.543;0.609;1;1.1;0.889;1.3;4.1;5.4;4.1;0.6;0.3;1.8;2.1;17.8
175;Haywood Highsmith;SF;26;MIA;4;0;5.3;0.3;1.3;0.2;0;0.8;0;0.3;0.5;0.5;0.2;0;0;0;0;1;1;0;0.8;0;0.5;0.3;0.5
176;George Hill;PG;36;MIL;7;0;21.9;1.9;4.1;0.448;0.7;2.4;0.294;1.1;1.7;0.667;0.534;1.7;2.3;0.75;0.4;1.7;2.1;2.7;0.1;0;0.4;1.9;6.1
177;Malcolm Hill;SF;27;CHI;2;0;0.5;0;0;0;0;0;0;0;0;0;0;0;0;0;0;0.5;0.5;0;0;0;0;0;0
178;Aaron Holiday;PG;26;ATL;8;0;18.6;2.1;4.5;0.472;0.8;1.1;0.667;1.4;3.4;0.407;0.556;0.8;0.9;0.857;0.5;0.6;1.1;1.6;0.8;0.4;0.9;1.5;5.8
179;Jrue Holiday;PG;32;MIL;7;7;34.3;7.4;17.1;0.433;2.6;6.7;0.383;4.9;10.4;0.466;0.508;2.7;3.3;0.826;1;4.3;5.3;7.6;1.6;0.9;2.6;2.1;20.1
180;Justin Holiday;SG;33;ATL;8;0;19.4;2.3;6;0.375;1.3;4;0.313;1;2;0.5;0.479;0;0;0;0;0.8;0.8;1.8;0.3;0.4;0.1;2.3;5.8
181;Richaun Holmes;PF;29;SAC;7;0;13.7;1.9;2.6;0.722;0;0;0;1.9;2.6;0.722;0.722;0.6;0.9;0.667;0.9;2;2.9;0;0.3;0.1;0.7;2;4.3
182;Al Horford;C;36;BOS;6;6;31.2;3.3;7.3;0.455;1.8;4.8;0.379;1.5;2.5;0.6;0.58;0.2;0.2;1;1.2;5;6.2;1.7;0.2;0.7;1;2.3;8.7
183;Talen Horton-Tucker;SG;22;UTA;9;0;16.4;2.8;6.9;0.403;0.6;3;0.185;2.2;3.9;0.571;0.444;0.9;1.2;0.727;0.7;2.3;3;1.6;0.9;0.3;1;1.8;7
184;Danuel House Jr.;SF;29;PHI;9;0;16.4;1.1;3;0.37;0.6;1.8;0.313;0.6;1.2;0.455;0.463;0.9;1.2;0.727;0.4;1.6;2;1;0.3;0.1;0.7;1.3;3.7
185;Caleb Houstan;SF;20;ORL;6;0;17;0.8;3.3;0.25;0.5;2.3;0.214;0.3;1;0.333;0.325;0.7;0.7;1;0.2;1.7;1.8;0.5;0.3;0.2;0.5;2;2.8
186;Trevor Hudgins;PG;23;HOU;1;0;4;1;1;1;1;1;1;0;0;0;1.5;0;0;0;0;0;0;0;0;0;0;0;3
187;Kevin Huerter;SG;24;SAC;7;7;31.9;6.3;12.4;0.506;4.1;8;0.518;2.1;4.4;0.484;0.672;2.1;2.7;0.789;0;2.9;2.9;3.9;0.6;0.1;1;2.3;18.9
188;De'Andre Hunter;SF;25;ATL;8;8;28.6;6;12.4;0.485;1.8;4;0.438;4.3;8.4;0.507;0.556;1.1;1.9;0.6;0.5;3;3.5;1.3;0.4;0.1;1;3.9;14.9
189;Bones Hyland;PG;22;DEN;6;0;18.2;3.7;10.5;0.349;2.3;5.3;0.438;1.3;5.2;0.258;0.46;2.3;3.2;0.737;0;1;1;3.7;0.2;0.3;1.7;2;12
190;Serge Ibaka;PF;33;MIL;6;0;8.3;1;2.2;0.462;0.5;0.8;0.6;0.5;1.3;0.375;0.577;0.2;0.3;0.5;0.5;1.5;2;0;0;0.5;0.7;1.5;2.7
191;Brandon Ingram;SF;25;NOP;3;3;26.3;7.3;12.7;0.579;1.3;2.3;0.571;6;10.3;0.581;0.632;6;7.3;0.818;0;5.7;5.7;4;1.3;0.3;3.3;1;22
192;Kyrie Irving;PG;30;BRK;8;8;38.6;9.8;21.5;0.453;2.6;9.4;0.28;7.1;12.1;0.588;0.515;4.8;5.1;0.927;0.8;4.4;5.1;5.1;1.4;1.1;2.4;3;26.9
193;Jaden Ivey;SG;20;DET;8;8;31.1;5.5;12.5;0.44;1.4;4.1;0.333;4.1;8.4;0.493;0.495;2.3;3.3;0.692;1;3;4;3.4;1.6;0.1;2.3;3;14.6
194;Isaiah Jackson;PF;21;IND;8;3;18.5;3.3;5.8;0.565;0;0.1;0;3.3;5.6;0.578;0.565;1.8;2.8;0.636;1.6;3.5;5.1;1.4;0.6;1.4;0.8;2.8;8.3
195;Justin Jackson;SF;27;BOS;2;0;4.5;1;2;0.5;1;1.5;0.667;0;0.5;0;0.75;0;0;0;0;0;0;0;0;0;0;0.5;3
196;Reggie Jackson;PG;32;LAC;8;8;29;3.6;10.4;0.349;1;4.4;0.229;2.6;6;0.438;0.398;1.3;1.4;0.909;0.4;1.8;2.1;4.1;0.8;0.1;1.6;1.1;9.5
197;LeBron James;PF;38;LAL;7;7;36.7;9.7;22.1;0.439;1.7;7.6;0.226;8;14.6;0.549;0.477;3.9;5.1;0.75;1.9;7.1;9;7.4;1.3;0.9;3.9;2.1;25
198;Ty Jerome;SG;25;GSW;6;0;12.8;1.5;2.7;0.563;0.7;1.5;0.444;0.8;1.2;0.714;0.688;1;1;1;0;0.3;0.3;1.5;0.2;0.2;0.3;1.2;4.7
199;Isaiah Joe;SG;23;OKC;6;0;3;0.8;1.3;0.625;0.5;1;0.5;0.3;0.3;1;0.813;0.7;0.7;1;0;0.5;0.5;0.7;0.2;0;0;0.3;2.8
200;Cameron Johnson;PF;26;PHO;7;7;28.1;5.3;11.6;0.457;3.1;7.1;0.44;2.1;4.4;0.484;0.593;1.1;1.6;0.727;0.7;3.1;3.9;1.9;1.3;0.4;0.3;1.9;14.9
201;Jalen Johnson;SF;21;ATL;8;0;13.5;1.5;3.4;0.444;0.3;1.4;0.182;1.3;2;0.625;0.481;0.9;1.3;0.7;0.5;2.3;2.8;0.6;0.3;0.1;0.3;1.8;4.1
202;James Johnson;PF;35;IND;3;0;14.7;1.7;4;0.417;0.3;1.7;0.2;1.3;2.3;0.571;0.458;0;0;0;0;2.3;2.3;1.3;0.3;0.7;0;3.3;3.7
203;Keldon Johnson;SF;23;SAS;7;7;33.6;8;17.6;0.455;3.9;8.9;0.435;4.1;8.7;0.475;0.565;4;5;0.8;0.6;4.9;5.4;4.1;1.3;0.1;2.9;1.7;23.9
204;Keon Johnson;SG;20;POR;4;0;13;2.3;5;0.45;1;3;0.333;1.3;2;0.625;0.55;0.3;0.5;0.5;0.3;2.5;2.8;1.5;0.5;0.5;1.5;1;5.8
205;Nikola Joki?;C;27;DEN;8;8;33.1;7.1;12;0.594;0.5;2.4;0.211;6.6;9.6;0.688;0.615;5.5;6.3;0.88;1.9;9.5;11.4;9.1;1.3;0.5;3.5;2.8;20.3
206;Damian Jones;C;27;LAL;5;1;10.2;1;2.6;0.385;0;0.2;0;1;2.4;0.417;0.385;0.6;1.2;0.5;1.2;1.8;3;0.6;0;0.6;0.6;1.4;2.6
207;Derrick Jones Jr.;SF;25;CHI;7;0;14.6;1.4;3.9;0.37;0.4;1;0.429;1;2.9;0.35;0.426;3;3.3;0.913;1.6;1.4;3;0.9;0.4;0.7;0.1;1.1;6.3
208;Herbert Jones;SF;24;NOP;3;3;31.7;2.3;6.3;0.368;0.3;2;0.167;2;4.3;0.462;0.395;2.3;3;0.778;1.7;1.7;3.3;2;0;1.3;1;4.3;7.3
209;Kai Jones;C;22;CHO;4;0;4.3;0.8;1.3;0.6;0.3;0.8;0.333;0.5;0.5;1;0.7;0.5;1;0.5;0;0;0;0.5;0;0.5;0;0;2.3
210;Tre Jones;PG;23;SAS;8;8;29.6;3.9;10.4;0.373;0.9;2.3;0.389;3;8.1;0.369;0.416;3.6;4;0.906;1;3.5;4.5;5.5;1.3;0.3;2.3;2.1;12.3
211;Tyus Jones;PG;26;MEM;8;1;25.4;4.9;11;0.443;1.8;4.8;0.368;3.1;6.3;0.5;0.523;0.4;1;0.375;0.4;1.6;2;4.4;0.8;0.1;1.4;0.8;11.9
212;DeAndre Jordan;C;34;DEN;6;0;12.2;2.2;2.7;0.813;0.2;0.2;1;2;2.5;0.8;0.844;0.8;2;0.417;1.5;4;5.5;0.5;0.2;0.7;1.2;1.8;5.3
213;Cory Joseph;PG;31;DET;8;1;15.1;1.1;2.9;0.391;0.6;1.4;0.455;0.5;1.5;0.333;0.5;0.6;0.8;0.833;0.3;1;1.3;2.9;0.3;0.1;0.5;1.5;3.5
214;Nikola Jovi?;PF;19;MIA;3;0;7.3;1;2.3;0.429;0;1;0;1;1.3;0.75;0.429;0;0;0;0.3;0.3;0.7;0.3;0.7;0;0.3;1.7;2
215;Frank Kaminsky;C;29;ATL;3;0;3.7;0;0.3;0;0;0.3;0;0;0;0;0;1.3;1.3;1;0;1;1;0.7;0;0;0.3;0.7;1.3
216;Trevor Keels;SG;19;NYK;1;0;1;0;1;0;0;1;0;0;0;0;0;0;0;0;0;1;1;0;0;0;0;0;0
217;Luke Kennard;SG;26;LAC;8;2;24.5;3.4;6.9;0.491;1.8;3.8;0.467;1.6;3.1;0.52;0.618;0.3;0.3;1;0.5;3.5;4;0.6;0.4;0;1.4;1.6;8.8
218;Walker Kessler;C;21;UTA;6;0;14.5;1.7;2.7;0.625;0;0;0;1.7;2.7;0.625;0.625;1.5;2.5;0.6;1.8;2.5;4.3;1;0.3;1.3;0.8;2;4.8
219;Braxton Key;SF;25;DET;2;0;3.5;0.5;0.5;1;0;0;0;0.5;0.5;1;1;1;1;1;0;0.5;0.5;0;0;0;0;0;2
220;Maxi Kleber;C;31;DAL;7;0;26.7;1.6;3.9;0.407;0.9;2.7;0.316;0.7;1.1;0.625;0.519;1.3;1.7;0.75;1;3.4;4.4;0.7;0.6;1;0.7;1.9;5.3
221;Nathan Knight;PF;25;MIN;2;0;2;0;0;0;0;0;0;0;0;0;0;0;0;0;0;1;1;0;0;0;0;0.5;0
222;Kevin Knox;SF;23;DET;6;0;6.8;0.8;3.3;0.25;0.2;2;0.083;0.7;1.3;0.5;0.275;0;0;0;0.2;0.8;1;0;0.2;0;0.3;1.2;1.8
223;Christian Koloko;C;22;TOR;8;3;16.4;1.3;2.8;0.455;0;0;0;1.3;2.8;0.455;0.455;0.6;1.4;0.455;1.3;2.4;3.6;0.4;0.4;1;0.5;2.9;3.1
224;John Konchar;SG;26;MEM;7;4;26.6;3;6.4;0.467;1.7;4.3;0.4;1.3;2.1;0.6;0.6;0.1;0.3;0.5;1.4;3.7;5.1;1;1.7;0.3;0.6;1.7;7.9
225;Furkan Korkmaz;SG;25;PHI;2;0;2;0;0.5;0;0;0.5;0;0;0;0;0;0;0;0;0;0.5;0.5;0.5;0;0;0;0;0
226;Luke Kornet;C;27;BOS;5;0;11.8;0.8;1.4;0.571;0.2;0.4;0.5;0.6;1;0.6;0.643;0.2;0.4;0.5;1;1.6;2.6;1.4;0;0.6;0.8;1.2;2
227;Vit Krejci;PG;22;ATL;4;0;2.8;0.5;0.8;0.667;0.3;0.5;0.5;0.3;0.3;1;0.833;0;0;0;0;0.3;0.3;0.3;0;0;0;0.5;1.3
228;Jonathan Kuminga;PF;20;GSW;6;0;10.8;0.8;2.5;0.333;0;0.7;0;0.8;1.8;0.455;0.333;1;1;1;0.7;1.2;1.8;0.5;0.2;0.2;1.2;1.7;2.7
229;Kyle Kuzma;PF;27;WAS;8;8;32.9;6.3;13.6;0.459;1.9;5.4;0.349;4.4;8.3;0.53;0.528;2.9;3.6;0.793;0.8;6.6;7.4;2.3;0.3;0.8;1.8;3.4;17.3
230;Anthony Lamb;SF;25;GSW;1;0;9;1;1;1;0;0;0;1;1;1;1;0;0;0;0;2;2;1;0;0;0;2;2
231;Jock Landale;C;27;PHO;7;0;17.3;3.7;7.7;0.481;0.3;2.7;0.105;3.4;5;0.686;0.5;1.9;2.3;0.813;1.7;3;4.7;0.6;0.1;0.9;0.7;2.9;9.6
232;Romeo Langford;SG;23;SAS;5;2;15;1.8;4.4;0.409;0.2;1;0.2;1.6;3.4;0.471;0.432;0.2;0.4;0.5;1.4;0.8;2.2;0.4;0.4;0.2;0.6;1.2;4
233;Jake LaRavia;PF;21;MEM;5;0;18.2;2.4;4.6;0.522;1.8;3;0.6;0.6;1.6;0.375;0.717;0.6;0.6;1;1.2;2.8;4;0.4;0.4;0.4;0.4;3.4;7.2
234;Zach LaVine;SG;27;CHI;6;6;33;7;16.8;0.416;3.3;7.7;0.435;3.7;9.2;0.4;0.515;4.2;4.8;0.862;0.2;3.2;3.3;4.2;1;0.2;1.8;1.5;21.5
235;Damion Lee;SG;30;PHO;7;0;16.6;1.4;4.3;0.333;1;2.7;0.368;0.4;1.6;0.273;0.45;1;1.1;0.875;0.4;1.9;2.3;1.1;0.4;0;0.3;1.4;4.9
236;Alex Len;C;29;SAC;3;0;2.7;0;0.3;0;0;0;0;0;0.3;0;0;0.3;0.7;0.5;0;0.7;0.7;0;0;0;0;0.7;0.3
237;Kawhi Leonard;SF;31;LAC;2;0;21;4;9;0.444;0.5;3;0.167;3.5;6;0.583;0.472;4;4.5;0.889;2;4.5;6.5;2;1.5;0;2;2.5;12.5
238;Caris LeVert;SG;28;CLE;7;7;36.6;4.1;12.4;0.333;2.7;5.7;0.475;1.4;6.7;0.213;0.443;3.7;4.7;0.788;0.7;3.4;4.1;6.3;1;0.1;2.3;3;14.7
239;Damian Lillard;PG;32;POR;5;5;35;9.6;19.4;0.495;4;10.2;0.392;5.6;9.2;0.609;0.598;7.8;8.4;0.929;1.2;3.6;4.8;4.6;0.8;0.4;3.8;1.4;31
240;Nassir Little;PF;22;POR;7;0;14.3;2;4.3;0.467;0.9;2.3;0.375;1.1;2;0.571;0.567;0.1;0.7;0.2;0.3;1.9;2.1;0.9;0.4;0;0.4;0.4;5
241;Isaiah Livers;PF;24;DET;7;0;18;1.7;4.6;0.375;1.4;3.9;0.37;0.3;0.7;0.4;0.531;0.4;0.4;1;0.7;1.6;2.3;0.7;0.4;0.1;0.7;2.4;5.3
242;Kenneth Lofton Jr.;PF;20;MEM;3;0;4.7;1.3;3;0.444;0;0.3;0;1.3;2.7;0.5;0.444;0.3;1;0.333;0.3;0.3;0.7;0.3;0;0;0;1;3
243;Kevon Looney;C;26;GSW;9;9;23.6;3.1;4.8;0.651;0;0;0;3.1;4.8;0.651;0.651;0.8;1.3;0.583;2.2;3.9;6.1;3.3;0.3;0.2;0.2;2.9;7
244;Brook Lopez;C;34;MIL;7;7;30.9;5.7;11.7;0.488;2.1;6.3;0.341;3.6;5.4;0.658;0.579;1.1;1.3;0.889;2.1;4.7;6.9;1.1;0.7;3;1.1;2.6;14.7
245;Robin Lopez;C;34;CLE;4;0;11;2.8;3.5;0.786;0;0;0;2.8;3.5;0.786;0.786;0;0.3;0;1.3;1;2.3;0.3;0;0.5;0.5;0.8;5.5
246;Kevin Love;PF;34;CLE;7;0;19.3;3.6;8.4;0.424;2.4;5.9;0.415;1.1;2.6;0.444;0.568;1.6;1.9;0.846;0.4;6.9;7.3;1.6;0;0.1;0.9;1.3;11.1
247;Kyle Lowry;PG;36;MIA;9;9;34.7;4;9.9;0.404;2.2;6.6;0.339;1.8;3.3;0.533;0.517;3.3;3.8;0.882;0.6;3.4;4;5.9;1.4;0.3;2;2.9;13.6
248;Trey Lyles;PF;27;SAC;5;0;14.2;1.8;5;0.36;1.2;3.8;0.316;0.6;1.2;0.5;0.48;0.6;1.2;0.5;0.6;3;3.6;1;0.8;0.6;1;1.4;5.4
249;Théo Maledon;PG;21;CHO;7;0;14.1;1.9;3.7;0.5;0.7;1.9;0.385;1.1;1.9;0.615;0.596;0.7;0.9;0.833;0.1;1;1.1;2.9;0.6;0.3;1.3;0.6;5.1
250;Sandro Mamukelashvili;C;23;MIL;1;0;2;0;0;0;0;0;0;0;0;0;0;0;0;0;0;0;0;0;0;0;1;0;0
251;Terance Mann;SG;26;LAC;8;3;16;2.4;3.8;0.633;0.4;1.1;0.333;2;2.6;0.762;0.683;0.4;0.9;0.429;0.8;2.1;2.9;0.8;0.3;0.4;1;1.3;5.5
252;Tre Mann;PG;21;OKC;8;4;26;4.6;11.5;0.402;1.5;5.4;0.279;3.1;6.1;0.51;0.467;1.1;1.8;0.643;0.9;2.4;3.3;3;0.9;0.1;0.6;2;11.9
253;Boban Marjanovi?;C;34;HOU;3;0;3;0.3;0.7;0.5;0;0;0;0.3;0.7;0.5;0.5;0.7;1;0.667;0.3;0.7;1;0.3;0;0;0.3;0;1.3
254;Lauri Markkanen;SF;25;UTA;9;9;33.9;8.3;16.2;0.514;1.9;6.4;0.293;6.4;9.8;0.659;0.572;3.1;3.8;0.824;2.2;6.8;9;2.6;0.7;0.9;2;1.9;21.7
255;Naji Marshall;SF;25;NOP;7;4;26.4;3.9;7.7;0.5;1;2.7;0.368;2.9;5;0.571;0.565;1.7;2.1;0.8;1.3;2.4;3.7;2.3;1.1;0.4;1.4;1.7;10.4
256;Caleb Martin;PF;27;MIA;8;8;26.6;3.3;7.8;0.419;0.9;2.1;0.412;2.4;5.6;0.422;0.476;0.8;0.8;1;1.9;2.6;4.5;1.5;1.5;0;0.8;2.3;8.1
257;Cody Martin;SF;27;CHO;1;0;1;0;0;0;0;0;0;0;0;0;0;0;0;0;0;0;0;0;0;0;0;0;0
258;Kenyon Martin Jr.;SF;22;HOU;9;2;25.1;3.6;8;0.444;0.8;3.1;0.25;2.8;4.9;0.568;0.493;1.7;2.4;0.682;1;4;5;1.6;0.6;0.4;1.1;2.3;9.6
259;Tyrese Martin;SG;23;ATL;4;0;3;0.8;1.3;0.6;0.3;0.5;0.5;0.5;0.8;0.667;0.7;0;0;0;0.3;0;0.3;0;0.3;0;0;0.3;1.8
260;Garrison Mathews;SG;26;HOU;9;0;13.3;1;3.2;0.31;1;3.2;0.31;0;0;0;0.466;0.9;0.9;1;0.1;0.9;1;0.4;0.3;0.1;0.4;1.6;3.9
261;Bennedict Mathurin;SG;20;IND;8;0;27;6.5;14.3;0.456;2.6;6.1;0.429;3.9;8.1;0.477;0.548;4.8;5.5;0.864;1.5;2.8;4.3;2.1;0.5;0;2.1;2.5;20.4
262;Wesley Matthews;SG;36;MIL;7;0;16;1.3;3.9;0.333;1;3.1;0.318;0.3;0.7;0.4;0.463;0.4;0.6;0.75;1.1;1.3;2.4;0.6;0.7;0.3;0.7;1.7;4
263;Tyrese Maxey;SG;22;PHI;9;9;37.8;8.9;17.2;0.516;3.2;6.9;0.468;5.7;10.3;0.548;0.61;3.2;4.3;0.744;0.3;3.1;3.4;3.4;1;0.1;2;2.4;24.2
264;Miles McBride;PG;22;NYK;2;0;1.5;0;0;0;0;0;0;0;0;0;0;0;1;0;0;0;0;0;0;0;0;0.5;0
265;CJ McCollum;SG;31;NOP;7;7;35.1;8.4;20.4;0.413;1.9;6.7;0.277;6.6;13.7;0.479;0.458;2;2.3;0.875;0.6;3.7;4.3;7.3;1.3;0.4;1.6;2;20.7
266;T.J. McConnell;PG;30;IND;7;0;14.4;1.7;5;0.343;0;0.1;0;1.7;4.9;0.353;0.343;0;0;0;0.6;1;1.6;2.7;1.3;0.3;1.4;0.9;3.4
267;Jaden McDaniels;PF;22;MIN;8;8;30.3;3.8;7.3;0.517;0.8;2.6;0.286;3;4.6;0.649;0.569;1.9;2.3;0.833;1.3;1.8;3;1;1.6;1.5;1.4;3.4;10.1
268;Jalen McDaniels;SF;25;CHO;8;0;26.3;3.9;9.3;0.419;1.8;3.5;0.5;2.1;5.8;0.37;0.514;1.4;1.5;0.917;1.1;4.6;5.8;2.4;1.3;0.8;1.3;2.8;10.9
269;Doug McDermott;SF;31;SAS;8;0;21.1;4.1;9.4;0.44;2.5;5.8;0.435;1.6;3.6;0.448;0.573;0.6;0.8;0.833;0.4;2.3;2.6;1.8;0;0.3;1;1.9;11.4
270;JaVale McGee;C;35;DAL;6;6;11.3;1.8;3.5;0.524;0;0;0;1.8;3.5;0.524;0.524;1.2;2;0.583;1.2;2.2;3.3;0.3;0.5;0.7;1;1.2;4.8
271;Bryce McGowens;SG;20;CHO;4;0;3.3;0.5;1;0.5;0;0.3;0;0.5;0.8;0.667;0.5;0;0;0;0;0.3;0.3;0.3;0.3;0.3;0;0;1
272;Rodney McGruder;SG;31;DET;3;0;3;0.3;1;0.333;0.3;1;0.333;0;0;0;0.5;0;0;0;0;0.3;0.3;0;0;0;0;0.3;1
273;Jordan McLaughlin;PG;26;MIN;6;0;17.5;1.8;4.2;0.44;0.3;2;0.167;1.5;2.2;0.692;0.48;0.3;0.3;1;0.3;1.8;2.2;3.3;0.7;0;0.7;0.5;4.3
274;De'Anthony Melton;PG;24;PHI;8;2;22.5;3.9;7.5;0.517;1.4;3.4;0.407;2.5;4.1;0.606;0.608;0.4;0.4;1;0.3;2.6;2.9;2.3;2;0.1;0.4;1.4;9.5
275;Chimezie Metu;C;25;SAC;3;0;8.3;0.7;2.3;0.286;0;1;0;0.7;1.3;0.5;0.286;0.7;0.7;1;0;2.3;2.3;1;0.3;0.3;0;1;2
276;Patty Mills;PG;34;BRK;8;0;13.6;1.9;4.3;0.441;1.5;3.5;0.429;0.4;0.8;0.5;0.618;1.3;1.3;1;0.3;0.5;0.8;0.8;0.1;0;0.3;0.6;6.5
277;Shake Milton;SG;26;PHI;5;0;9;1.2;3;0.4;0.2;0.6;0.333;1;2.4;0.417;0.433;0;0;0;0.4;1;1.4;1.2;0;0.2;1.2;1.2;2.6
278;Davion Mitchell;PG;24;SAC;7;1;19.7;3.1;6.6;0.478;1.1;3.1;0.364;2;3.4;0.583;0.565;0.3;0.4;0.667;0;1.9;1.9;2.1;0.6;0;1.7;1.9;7.7
279;Donovan Mitchell;SG;26;CLE;7;7;39.7;11;22.9;0.481;4;9.1;0.438;7;13.7;0.51;0.569;5.1;6;0.857;1;3.4;4.4;7.1;1.6;0.7;3.6;3.3;31.1
280;Evan Mobley;PF;21;CLE;7;7;34.3;6.1;10.4;0.589;0.3;1.3;0.222;5.9;9.1;0.641;0.603;3.1;4;0.786;1.4;4.7;6.1;2.1;1;1;2.6;3;15.7
281;Isaiah Mobley;PF;23;CLE;1;0;4;1;1;1;1;1;1;0;0;0;1.5;0;0;0;0;1;1;0;0;0;0;1;3
282;Chima Moneke;SF;27;SAC;1;0;6;0;1;0;0;0;0;0;1;0;0;0;2;0;2;0;2;1;0;0;0;2;0
283;Malik Monk;SG;24;SAC;7;0;18.6;3.6;8.9;0.403;2;5.7;0.35;1.6;3.1;0.5;0.516;0.7;0.9;0.833;0.6;1.7;2.3;4.3;0.6;0.4;1.7;1.3;9.9
284;Moses Moody;SG;20;GSW;9;0;16.1;1.9;4.9;0.386;1.2;3.4;0.355;0.7;1.4;0.462;0.511;0.8;1.1;0.7;0.4;1.7;2.1;0.4;0.6;0.6;1.2;1;5.8
285;Wendell Moore Jr.;SG;21;MIN;1;0;2;0;1;0;0;1;0;0;0;0;0;0;0;0;0;0;0;0;0;0;1;0;0
286;Ja Morant;PG;23;MEM;7;7;32.6;10.4;19.9;0.525;2;3.9;0.519;8.4;16;0.527;0.576;8.6;10;0.857;1.1;4;5.1;6.4;0.9;0.4;4;2;31.4
287;Marcus Morris;PF;33;LAC;6;6;29.2;6.2;11.7;0.529;1.8;4.8;0.379;4.3;6.8;0.634;0.607;0.7;0.7;1;0.7;5.2;5.8;2.2;1;0.2;0.8;2;14.8
288;Markieff Morris;PF;33;BRK;4;0;9.3;1;2.3;0.444;1;2;0.5;0;0.3;0;0.667;0;0;0;0.3;1.8;2;0.3;0.3;0.3;1;1.3;3
289;Monte Morris;PG;27;WAS;8;8;27.8;3.3;7.9;0.413;1;2.8;0.364;2.3;5.1;0.439;0.476;1.4;1.9;0.733;0.4;3.6;4;5.6;0.9;0.3;0.8;1.3;8.9
290;Trey Murphy III;SF;22;NOP;7;4;32.9;5.1;9.9;0.522;2.7;5.7;0.475;2.4;4.1;0.586;0.659;1.6;1.7;0.917;1.9;4;5.9;1.3;1.1;0.1;1;2.6;14.6
291;Dejounte Murray;SG;26;ATL;8;8;36.4;8.8;18.8;0.467;2.4;5.9;0.404;6.4;12.9;0.495;0.53;2.1;2.4;0.895;0.5;5.4;5.9;7.8;2.4;0.6;2.6;1.6;22
292;Jamal Murray;PG;25;DEN;7;7;27.6;6;14.4;0.416;2;5.1;0.389;4;9.3;0.431;0.485;1.3;1.9;0.692;0.3;2.9;3.1;3;0.9;0;2.1;0.6;15.3
293;Keegan Murray;SF;22;SAC;6;4;34.2;6;12.3;0.486;2.7;7.2;0.372;3.3;5.2;0.645;0.595;1;1.2;0.857;1;3;4;1.7;0.5;1.2;2.3;2;15.7
294;Mike Muscala;C;31;OKC;7;0;13.1;2.3;4.9;0.471;0.7;2.6;0.278;1.6;2.3;0.688;0.544;1.3;1.4;0.9;0.9;3.9;4.7;0.7;0;0.3;0.4;1.6;6.6
295;Svi Mykhailiuk;SF;25;NYK;1;0;2;1;1;1;1;1;1;0;0;0;1.5;0;0;0;0;2;2;0;0;0;0;0;3
296;Larry Nance Jr.;PF;30;NOP;7;0;22.6;4;6.6;0.609;0.3;0.7;0.4;3.7;5.9;0.634;0.63;0.1;0.4;0.333;1.1;4.1;5.3;2.7;1;0.7;1.3;2.3;8.4
297;Andrew Nembhard;SG;23;IND;7;0;15.6;1.9;4.9;0.382;1.1;3;0.381;0.7;1.9;0.385;0.5;0.6;0.6;1;0.4;1.4;1.9;2.7;0.6;0.1;0.4;1.7;5.4
298;Aaron Nesmith;SF;23;IND;6;4;21.8;3.2;7.2;0.442;1.2;3.7;0.318;2;3.5;0.571;0.523;1.2;1.5;0.778;0.5;3;3.5;1.5;0.2;0.8;1;3;8.7
299;Raul Neto;PG;30;CLE;6;0;10.2;1.2;2.8;0.412;0.2;1;0.167;1;1.8;0.545;0.441;0.7;0.7;1;0.3;0.8;1.2;1.3;0.3;0;0.3;1;3.2
300;Georges Niang;PF;29;PHI;9;0;16.7;2.9;5.7;0.51;2;4.1;0.486;0.9;1.6;0.571;0.686;0.2;0.2;1;0.2;1.6;1.8;0.4;0.1;0.2;0.6;1.8;8
301;Daishen Nix;PG;20;HOU;7;0;14.7;1.6;3.7;0.423;1.1;2.4;0.471;0.4;1.3;0.333;0.577;0.4;0.6;0.75;0.4;0.7;1.1;1.9;0.4;0.1;1.3;0.7;4.7
302;Zeke Nnaji;PF;22;DEN;6;0;4.2;0.8;1.7;0.5;0;0.3;0;0.8;1.3;0.625;0.5;0.3;0.3;1;0.5;0.3;0.8;0;0.2;0;0.2;1.3;2
303;Nerlens Noel;C;28;DET;2;0;16;1;3.5;0.286;0;0;0;1;3.5;0.286;0.286;1;1;1;1;2.5;3.5;1.5;0.5;0.5;0;1.5;3
304;Jaylen Nowell;SG;23;MIN;8;0;20.3;5.1;12.9;0.398;1.1;4.4;0.257;4;8.5;0.471;0.442;1;1.4;0.727;1;2.9;3.9;2.4;0.6;0.1;0.3;1.4;12.4
305;Kendrick Nunn;PG;27;LAL;6;0;13.2;2.3;7;0.333;1;3.7;0.273;1.3;3.3;0.4;0.405;0;0.2;0;0;1.8;1.8;1;0.2;0.2;1.7;1.2;5.7
306;Jusuf Nurki?;C;28;POR;7;7;31.1;5.3;10.6;0.5;0.6;1;0.571;4.7;9.6;0.493;0.527;3.7;4.3;0.867;3.4;8.9;12.3;2.7;0.9;1;2.4;3.3;14.9
307;Jordan Nwora;SF;24;MIL;7;0;16.6;2;5.4;0.368;1.1;2.9;0.4;0.9;2.6;0.333;0.474;0.7;0.7;1;0.9;2.7;3.6;0.4;0.4;0;1.3;1.1;5.9
308;Royce O'Neale;SF;29;BRK;8;8;36.9;4;9.8;0.41;2.5;6.1;0.408;1.5;3.6;0.414;0.538;0.3;0.3;1;0.9;3.5;4.4;3;1.4;0.9;1.1;3.6;10.8
309;Chuma Okeke;PF;24;ORL;9;0;17.8;1.7;3.9;0.429;1.2;3.1;0.393;0.4;0.8;0.571;0.586;1;1.1;0.9;1.2;3.1;4.3;1.7;0.2;0.1;0.4;1.8;5.6
310;Josh Okogie;SG;24;PHO;6;0;3.8;0.5;1;0.5;0;0.3;0;0.5;0.7;0.75;0.5;0.3;0.3;1;0.5;0.8;1.3;0;0.2;0;0;0.5;1.3
311;Onyeka Okongwu;C;22;ATL;8;0;19.9;3.9;5.5;0.705;0;0;0;3.9;5.5;0.705;0.705;1;1.6;0.615;2.1;3.5;5.6;0.8;0.5;0.9;0.8;3.1;8.8
312;Isaac Okoro;SG;22;CLE;7;2;15;0.6;2.6;0.222;0;1.4;0;0.6;1.1;0.5;0.222;0.3;0.3;1;0.1;1;1.1;0.3;0.3;0.1;1;2;1.4
313;KZ Okpala;PF;23;SAC;6;3;6.5;0.2;0.8;0.2;0.2;0.7;0.25;0;0.2;0;0.3;0;0;0;0.3;0.7;1;0.3;0;0;0;0.7;0.5
314;Kelly Olynyk;PF;31;UTA;9;9;26.8;4.3;8;0.542;1.8;3.2;0.552;2.6;4.8;0.535;0.653;1.7;2.4;0.682;1.3;2.8;4.1;3.4;1.6;0.7;2.8;4.7;12.1
315;Eugene Omoruyi;SF;25;OKC;4;0;9.8;1.8;3.5;0.5;0.3;1.3;0.2;1.5;2.3;0.667;0.536;1.5;2.3;0.667;1.3;1;2.3;0.3;0;0;0.5;3;5.3
316;Cedi Osman;SF;27;CLE;7;0;23.9;3.4;8.3;0.414;1.6;4.7;0.333;1.9;3.6;0.52;0.509;1.4;1.9;0.769;0.4;2.1;2.6;1.7;0.1;0.1;0.7;2.9;9.9
317;Kelly Oubre Jr.;SF;27;CHO;8;8;29.5;6.6;15.6;0.424;2.6;7.1;0.368;4;8.5;0.471;0.508;1.5;2.4;0.632;1;4.1;5.1;1.4;1.5;0.4;1;2.8;17.4
318;Chris Paul;PG;37;PHO;7;7;32.9;3.3;9.1;0.359;0.9;3.7;0.231;2.4;5.4;0.447;0.406;2.7;3.3;0.826;0.7;4.4;5.1;11;1.9;0.1;1.7;2.6;10.1
319;Cameron Payne;PG;28;PHO;7;0;16;3.4;8.1;0.421;1.3;3.3;0.391;2.1;4.9;0.441;0.5;0.7;0.9;0.833;0.3;1.7;2;2.9;1.1;0.1;1.9;1;8.9
320;Theo Pinson;SG;27;DAL;1;0;7;0;0;0;0;0;0;0;0;0;0;2;2;1;0;2;2;1;0;0;0;0;2
321;Scotty Pippen Jr.;PG;22;LAL;1;0;2;0;0;0;0;0;0;0;0;0;0;2;2;1;0;0;0;0;0;0;0;0;2
322;Mason Plumlee;C;32;CHO;8;8;24.5;3.1;5.1;0.61;0;0;0;3.1;5.1;0.61;0.61;2.1;4;0.531;2.5;5.4;7.9;4.3;0.3;0.8;1.8;3.5;8.4
323;Jakob Poeltl;C;27;SAS;8;8;28.4;5.5;8.5;0.647;0;0;0;5.5;8.5;0.647;0.647;2.1;3.6;0.586;4.4;6.4;10.8;3.5;0.6;0.9;2.5;2;13.1
324;Aleksej Pokusevski;PF;21;OKC;8;4;22;3;7.9;0.381;0.9;3.3;0.269;2.1;4.6;0.459;0.437;0.6;1.3;0.5;1.6;3.4;5;1.6;0.8;1.3;1.4;1.6;7.5
325;Jordan Poole;SG;23;GSW;9;1;28.7;5.6;12.9;0.431;2.1;6.8;0.311;3.4;6.1;0.564;0.513;2.9;3.7;0.788;0.2;1.4;1.7;4.7;1.2;0.1;3;2.6;16.1
326;Kevin Porter Jr.;PG;22;HOU;9;9;34.9;7;17.1;0.409;1.8;5.1;0.348;5.2;12;0.435;0.461;4.7;5.9;0.792;1.9;4.6;6.4;5.4;1.6;0.3;3.6;2.6;20.4
327;Michael Porter Jr.;SF;24;DEN;7;7;29;6;13;0.462;3.7;7.6;0.491;2.3;5.4;0.421;0.604;1.7;2.1;0.8;1.9;5.4;7.3;1.3;0.6;0.3;1.3;3.6;17.4
328;Otto Porter Jr.;SF;29;TOR;1;0;11;1;2;0.5;1;2;0.5;0;0;0;0.75;2;2;1;0;3;3;0;2;0;0;0;5
329;Bobby Portis;PF;27;MIL;7;0;24.7;5.4;11.3;0.481;1.1;3.6;0.32;4.3;7.7;0.556;0.532;0.9;1.3;0.667;3.1;7.1;10.3;1.6;0.4;0.4;0.9;1.6;12.9
330;Kristaps Porzi??is;PF;27;WAS;8;8;31.5;7.5;14.4;0.522;1.9;5.1;0.366;5.6;9.3;0.608;0.587;4.1;4.8;0.868;2.5;6;8.5;2.3;0.8;1.3;1.8;3.5;21
331;Micah Potter;PF;24;UTA;2;0;6;1;1;1;0;0;0;1;1;1;1;0;0;0;0.5;1;1.5;0.5;0;0;0;1;2
332;Dwight Powell;C;31;DAL;4;1;14;2.8;3.8;0.733;0;0.3;0;2.8;3.5;0.786;0.733;1.5;2;0.75;1;1.8;2.8;0;0.3;0.8;0.3;1.5;7
333;Norman Powell;SG;29;LAC;8;5;25.9;4;10.4;0.386;1;4.1;0.242;3;6.3;0.48;0.434;1.6;2.4;0.684;0.5;2.3;2.8;1.4;0.5;0.4;2.6;1.5;10.6
334;Jason Preston;PG;23;LAC;1;0;3;0;1;0;0;1;0;0;0;0;0;0;2;0;0;0;0;0;0;0;0;0;0
335;Joshua Primo;SG;20;SAS;4;0;23.3;2.3;6.5;0.346;0.8;3;0.25;1.5;3.5;0.429;0.404;1.8;2.3;0.778;0.5;2.8;3.3;4.5;0.3;0.5;2.8;2;7
336;Taurean Prince;SF;28;MIN;8;0;18.6;3;5.1;0.585;1.8;3.4;0.519;1.3;1.8;0.714;0.756;0.4;0.5;0.75;0.4;2.5;2.9;1.3;0.5;0.1;0.8;2.8;8.1
337;Payton Pritchard;PG;25;BOS;3;0;5.7;0.7;2.3;0.286;0.7;1.3;0.5;0;1;0;0.429;0.3;0.7;0.5;0;0.3;0.3;1.3;0;0;0.7;0.7;2.3
338;Immanuel Quickley;PG;23;NYK;7;0;23.3;3;8;0.375;1.3;4.1;0.31;1.7;3.9;0.444;0.455;1.7;2.3;0.75;0.9;5.1;6;4;0.6;0.1;1.7;1.3;9
339;Julius Randle;PF;28;NYK;7;7;32.6;6.1;14.4;0.426;0.9;4.1;0.207;5.3;10.3;0.514;0.455;4.6;6.6;0.696;2.1;6.7;8.9;3.3;1.1;0.3;2.4;4.1;17.7
340;Austin Reaves;SG;24;LAL;7;1;24.6;2.3;4.6;0.5;1.1;2.9;0.4;1.1;1.7;0.667;0.625;1.6;1.7;0.917;0.4;2;2.4;1.7;0.6;0.1;0.9;1.3;7.3
341;Cam Reddish;SF;23;NYK;7;0;18.3;3.1;6.6;0.478;1;2.7;0.368;2.1;3.9;0.556;0.554;0.6;0.7;0.8;0.3;2;2.3;0.7;0.4;0.4;1;1.9;7.9
342;Davon Reed;SG;27;DEN;6;0;6.7;0.5;1.8;0.273;0.3;0.8;0.4;0.2;1;0.167;0.364;0.2;0.3;0.5;0;0.7;0.7;0.2;0.5;0;1;0.8;1.5
343;Paul Reed;C;23;PHI;6;0;4.5;0.2;0.8;0.2;0;0;0;0.2;0.8;0.2;0.2;0;0;0;0.2;0.7;0.8;0.2;0.5;0.2;0.2;0.7;0.3
344;Naz Reid;C;23;MIN;6;0;10.8;3.2;5.2;0.613;0.7;1.7;0.4;2.5;3.5;0.714;0.677;0.7;1;0.667;0.7;1.7;2.3;0.5;0.7;0.7;0.2;1;7.7
345;Nick Richards;C;25;CHO;8;0;20;4;6.1;0.653;0;0;0;4;6.1;0.653;0.653;2.4;3.5;0.679;3;3.4;6.4;1;0;0.6;0.6;1.9;10.4
346;Josh Richardson;SG;29;SAS;7;2;23.7;3.9;8.4;0.458;2.3;5.3;0.432;1.6;3.1;0.5;0.593;1.4;1.4;1;0.1;2.3;2.4;3.6;0.9;0.1;1.4;1.9;11.4
347;Austin Rivers;SG;30;MIN;4;0;6.8;0;1;0;0;0.3;0;0;0.8;0;0;0;0;0;0;0.5;0.5;0.3;0;0;0;0;0
348;Duncan Robinson;SF;28;MIA;9;0;15;2.1;5.4;0.388;1.6;3.9;0.4;0.6;1.6;0.357;0.531;0.4;0.4;1;0.3;2.2;2.6;1.3;0;0;0.3;1.9;6.2
349;Mitchell Robinson;C;24;NYK;7;7;23.1;3.3;4.7;0.697;0;0;0;3.3;4.7;0.697;0.697;0.9;2;0.429;3.9;3.1;7;1;0.4;2.6;0.7;3.7;7.4
350;Jeremiah Robinson-Earl;PF;22;OKC;8;6;17.9;2.8;5.6;0.489;1.3;3;0.417;1.5;2.6;0.571;0.6;0.6;0.9;0.714;0.8;3.3;4;1;1.4;0.3;0.3;1.8;7.4
351;Isaiah Roby;PF;24;SAS;5;0;10.4;1.2;2.8;0.429;0.4;1.2;0.333;0.8;1.6;0.5;0.5;0.2;0.6;0.333;0.6;1.8;2.4;1.2;1;0.4;0.4;0.8;3
352;David Roddy;PF;21;MEM;8;0;20;2;6.5;0.308;0.9;3.9;0.226;1.1;2.6;0.429;0.375;0.6;0.8;0.833;0.9;2.3;3.1;1;0.9;0.4;0.6;2.1;5.5
353;Ryan Rollins;PG;20;GSW;3;0;1.3;0;0.3;0;0;0;0;0;0.3;0;0;0;0;0;0;0.3;0.3;0.3;0;0;0.3;0.7;0
354;Derrick Rose;PG;34;NYK;7;0;13.6;3;6;0.5;1.3;2.7;0.474;1.7;3.3;0.522;0.607;0.4;0.4;1;0.3;1.9;2.1;2.4;0.1;0.1;1;0.7;7.7
355;Terrence Ross;SG;31;ORL;8;8;27.5;3.9;8.4;0.463;1.9;4.6;0.405;2;3.8;0.533;0.575;0.5;0.8;0.667;0.5;2.3;2.8;1.3;0.8;0.3;0.4;2.3;10.1
356;Terry Rozier;PG;28;CHO;2;2;33;8.5;21.5;0.395;3;7.5;0.4;5.5;14;0.393;0.465;3.5;4;0.875;2;5;7;8.5;0.5;1.5;3;1;23.5
357;D'Angelo Russell;PG;26;MIN;8;8;30.1;5.1;13;0.394;1.5;5.4;0.279;3.6;7.6;0.475;0.452;2.3;2.9;0.783;0.8;3.4;4.1;5.8;1.6;0.8;3.1;2;14
358;Matt Ryan;SF;25;LAL;5;0;14;2.2;5.2;0.423;1.8;4;0.45;0.4;1.2;0.333;0.596;0;0;0;0.2;0.8;1;0.2;0.2;0;0.4;1.6;6.2
359;Domantas Sabonis;PF;26;SAC;7;7;30.3;5.4;10.1;0.535;0.1;1.1;0.125;5.3;9;0.587;0.542;3.7;5.4;0.684;2.3;8.3;10.6;6.1;0.9;0.7;2.3;4.3;14.7
360;Dario Šari?;PF;28;PHO;2;0;3.5;0.5;1;0.5;0.5;0.5;1;0;0.5;0;0.75;0;0;0;0.5;1;1.5;0.5;0.5;0;0;0.5;1.5
361;Jordan Schakel;SF;24;WAS;2;0;3;0.5;1;0.5;0.5;0.5;1;0;0.5;0;0.75;0;0;0;0;0;0;0.5;0.5;0;0;0.5;1.5
362;Admiral Schofield;PF;25;ORL;2;0;8.5;1;1.5;0.667;0.5;1;0.5;0.5;0.5;1;0.833;0;0;0;0;1;1;0;0;0;0;2;2.5
363;Dereon Seabron;SG;22;NOP;2;0;1.5;0;0;0;0;0;0;0;0;0;0;0;0;0;0;0;0;0;0;0;0;0;0
364;Alperen Þengün;C;20;HOU;7;4;27.1;6;10.6;0.568;0.4;1.6;0.273;5.6;9;0.619;0.588;4.3;5.4;0.789;3.7;6.6;10.3;1.6;0.6;1;1.7;3.4;16.7
365;Collin Sexton;SG;24;UTA;9;1;20.9;4.3;9.3;0.464;1.1;3.1;0.357;3.2;6.2;0.518;0.524;3.4;4.1;0.838;1.1;1.7;2.8;1.8;0.9;0.1;1.7;2.3;13.2
366;Landry Shamet;SG;25;PHO;5;0;15.6;2;5;0.4;1.4;3.6;0.389;0.6;1.4;0.429;0.54;1.2;1.6;0.75;0.2;0.4;0.6;1;1;0;0.6;1.6;6.6
367;Day'Ron Sharpe;C;21;BRK;5;0;14.2;1.6;3.6;0.444;0;0.2;0;1.6;3.4;0.471;0.444;0.8;1.6;0.5;1.8;3;4.8;1;0.6;1;1;3.6;4
368;Shaedon Sharpe;SG;19;POR;7;2;19.4;3.3;7.1;0.46;0.9;2.1;0.4;2.4;5;0.486;0.52;0.9;1.3;0.667;1.1;1.7;2.9;0.6;0.6;0.3;0.7;2.4;8.3
369;Pascal Siakam;C;28;TOR;8;8;36.1;9.1;19.1;0.477;1.6;4.5;0.361;7.5;14.6;0.513;0.52;5.8;7.9;0.73;1.5;8.1;9.6;7.9;0.9;0.6;2.8;3.1;25.6
370;Ben Simmons;PG;26;BRK;6;6;31.8;2.5;5.7;0.441;0;0.2;0;2.5;5.5;0.455;0.441;1.2;2.5;0.467;1;5.5;6.5;7.3;1.2;0.7;2.7;4.3;6.2
371;Marko Simonovic;C;23;CHI;1;0;2;0;1;0;0;1;0;0;0;0;0;0;0;0;0;0;0;0;0;0;0;0;0
372;Anfernee Simons;SG;23;POR;7;7;36.7;7.9;18;0.437;3.7;10;0.371;4.1;8;0.518;0.54;2.6;2.9;0.9;0.4;2.4;2.9;3.9;0.9;0.3;2.9;2.7;22
373;Jericho Sims;C;24;NYK;2;0;1.5;0;0;0;0;0;0;0;0;0;0;0;0;0;0;0.5;0.5;0;0;0;0;0;0
374;Marcus Smart;PG;28;BOS;7;7;34.6;3.3;9.6;0.343;1.3;5.9;0.22;2;3.7;0.538;0.41;2.6;2.9;0.9;0.3;3.3;3.6;6;1.1;0.3;1.7;2.9;10.4
375;Dennis Smith Jr.;PG;25;CHO;8;6;30.9;5.3;10.6;0.494;1;2.4;0.421;4.3;8.3;0.515;0.541;0.5;0.9;0.571;0.8;3.5;4.3;6.4;2.3;0.5;1.8;2.4;12
376;Dru Smith;SG;25;MIA;1;0;6;1;3;0.333;0;2;0;1;1;1;0.333;0;0;0;0;1;1;0;1;0;0;1;2
377;Ish Smith;PG;34;DEN;5;0;4.6;0.4;1.6;0.25;0;0.2;0;0.4;1.4;0.286;0.25;0;0;0;0;0.4;0.4;0.4;0;0.2;0.8;0.8;0.8
378;Jabari Smith Jr.;PF;19;HOU;9;9;30.7;3.6;11.7;0.305;1.9;6.2;0.304;1.7;5.4;0.306;0.386;1.8;2;0.889;1.1;5;6.1;0.8;0.2;1.2;1.1;3.6;10.8
379;Jalen Smith;PF;22;IND;8;8;25.3;4.5;9.9;0.456;1;3.5;0.286;3.5;6.4;0.549;0.506;1.9;2.8;0.682;2.1;6.5;8.6;0.9;0.3;1;1.3;2.3;11.9
380;Jeremy Sochan;PF;19;SAS;7;7;21.6;3.1;7;0.449;0.6;2.7;0.211;2.6;4.3;0.6;0.49;0.3;0.7;0.4;1;3;4;1.7;0.9;0.4;1;2.4;7.1
381;Jaden Springer;PG;20;PHI;2;0;2;1;1.5;0.667;0;0;0;1;1.5;0.667;0.667;0.5;1;0.5;0.5;0.5;1;0;0;0.5;0;0.5;2.5
382;Lamar Stevens;PF;25;CLE;2;0;2;0;0.5;0;0;0;0;0;0.5;0;0;0;0;0;0;0.5;0.5;0;0;0;0;0;0
383;Isaiah Stewart;C;21;DET;9;9;29.4;4.1;9;0.457;1.1;4.1;0.27;3;4.9;0.614;0.519;4.1;5.6;0.74;3;7.3;10.3;1.2;0.3;0.6;0.8;2.6;13.4
384;Max Strus;SF;26;MIA;9;2;31.2;5.1;11.4;0.447;2.7;7.3;0.364;2.4;4.1;0.595;0.563;1;1.3;0.75;0.9;3.4;4.3;1.9;0.4;0.6;0.9;2.1;13.9
385;Jalen Suggs;PG;21;ORL;4;3;26.5;5.3;11.8;0.447;1.8;6;0.292;3.5;5.8;0.609;0.521;2.5;4.3;0.588;0.5;1;1.5;4.3;2.8;0.3;3.5;3.5;14.8
386;Edmond Sumner;SG;27;BRK;6;0;12.8;1.5;4.2;0.36;0;1.3;0;1.5;2.8;0.529;0.36;2.2;2.2;1;0;0.8;0.8;1.8;0.3;0.2;1;0.7;5.2
387;Cole Swider;SF;23;LAL;1;0;2;0;1;0;0;1;0;0;0;0;0;0;0;0;0;1;1;1;0;0;0;0;0
388;Jae'Sean Tate;SF;27;HOU;3;2;22.7;3.3;6.7;0.5;0.7;1.7;0.4;2.7;5;0.533;0.55;1;1.3;0.75;2.7;1.7;4.3;3.3;1;0;1.7;5;8.3
389;Jayson Tatum;PF;24;BOS;7;7;37.3;10.3;19.4;0.529;3.1;8.3;0.379;7.1;11.1;0.641;0.61;6.4;7;0.918;0.9;7.1;8;3.9;0.9;1.4;3;1.4;30.1
390;Terry Taylor;SG;23;IND;6;2;14.7;1.2;3.3;0.35;0.3;1.2;0.286;0.8;2.2;0.385;0.4;0.5;0.7;0.75;1;1.5;2.5;0.8;0.3;0.7;0.2;1.5;3.2
391;Garrett Temple;SG;36;NOP;2;0;10.5;1;2;0.5;1;2;0.5;0;0;0;0.75;0;0;0;0;0.5;0.5;0.5;0.5;0;0;1;3
392;Dalen Terry;SG;20;CHI;5;0;2.4;0;1;0;0;0.4;0;0;0.6;0;0;0;0;0;0;0.2;0.2;0.2;0;0.2;0.4;0.2;0
393;Cam Thomas;SG;21;BRK;3;0;4.7;0.3;1.3;0.25;0;0.3;0;0.3;1;0.333;0.25;0;0;0;0;0;0;0.3;0;0;0;0;0.7
394;Klay Thompson;SG;32;GSW;8;8;26.8;5.5;15.1;0.364;3.1;9.5;0.329;2.4;5.6;0.422;0.467;0.9;1;0.875;0.3;2.6;2.9;2.5;0.4;0.3;1.5;1.5;15
395;JT Thor;PF;20;CHO;7;0;10.7;0.7;2;0.357;0.1;1.3;0.111;0.6;0.7;0.8;0.393;0.4;0.6;0.75;0.4;1.7;2.1;0.3;0.1;0.6;0.4;0.9;2
396;Matisse Thybulle;SG;25;PHI;8;1;10;0.5;1.5;0.333;0.3;0.9;0.286;0.3;0.6;0.4;0.417;0.1;0.4;0.333;0.1;0.9;1;0.6;0.6;0.3;0.1;0.9;1.4
397;Xavier Tillman Sr.;PF;24;MEM;5;0;11.8;2;3.6;0.556;0.2;0.6;0.333;1.8;3;0.6;0.583;0.4;1.4;0.286;1.6;1.8;3.4;0.6;0;0.4;0.8;0.6;4.6
398;Isaiah Todd;PF;21;WAS;3;0;3;0.3;1;0.333;0;0.7;0;0.3;0.3;1;0.333;0;0;0;0;0;0;0;0;0;0;0;0.7
399;Obi Toppin;PF;24;NYK;7;0;16;4;7.7;0.519;1.6;3.4;0.458;2.4;4.3;0.567;0.62;0.3;0.3;1;0.9;2.6;3.4;1.3;0.1;0.1;0.7;0.7;9.9
400;Juan Toscano-Anderson;SF;29;LAL;4;0;16.5;1.5;3.8;0.4;0.3;2;0.125;1.3;1.8;0.714;0.433;0.3;0.3;1;0;3.3;3.3;0.8;0.5;0;0.8;1.8;3.5
401;Karl-Anthony Towns;PF;27;MIN;8;8;35.5;7.6;16.1;0.473;2.1;6;0.354;5.5;10.1;0.543;0.539;4.3;4.8;0.895;2;6.3;8.3;5.5;0.6;0.5;3.4;3.4;21.6
402;Gary Trent Jr.;SG;24;TOR;8;8;35.6;7.3;16.1;0.45;3.3;8.5;0.382;4;7.6;0.525;0.55;2.3;2.9;0.783;1;1.1;2.1;1.4;1.4;0.1;0.9;1;20
403;P.J. Tucker;PF;37;PHI;9;9;28.7;2.4;4.1;0.595;1.1;2.1;0.526;1.3;2;0.667;0.73;0.2;0.2;1;1.4;2.8;4.2;0.6;0.6;0.4;1.1;2.9;6.2
404;Myles Turner;C;26;IND;3;3;25.7;3.3;9.7;0.345;1;3.7;0.273;2.3;6;0.389;0.397;5.3;6.3;0.842;1;6;7;2;0.3;3.7;2.7;3;13
405;Jonas Valan?i?nas;C;30;NOP;7;7;25.7;5.6;11;0.506;0.6;1.6;0.364;5;9.4;0.53;0.532;3.9;4.3;0.9;3.7;6.7;10.4;2.7;0.6;0.4;1.6;2.1;15.6
406;Jarred Vanderbilt;PF;23;UTA;9;9;25.3;3.7;6.6;0.559;0.6;1.1;0.5;3.1;5.4;0.571;0.602;1.1;1.7;0.667;2.2;6.2;8.4;3;1.6;0.6;2;3.9;9
407;Fred VanVleet;PG;28;TOR;6;6;38;4;11.3;0.353;2.3;6.2;0.378;1.7;5.2;0.323;0.456;3;3.5;0.857;1;3;4;7.7;2.5;0.7;1.2;2.7;13.3
408;Devin Vassell;SG;22;SAS;4;4;32.5;6.8;16.5;0.409;3.3;8.3;0.394;3.5;8.3;0.424;0.508;3;4;0.75;0.3;4.8;5;4.5;1.3;0;1;1.3;19.8
409;Gabe Vincent;PG;26;MIA;9;0;23;2.6;7;0.365;0.9;3.4;0.258;1.7;3.6;0.469;0.429;1.2;1.6;0.786;0.4;1.8;2.2;3.4;0.7;0.1;1.6;2.4;7.2
410;Noah Vonleh;C;27;BOS;6;1;12.2;1.2;2.2;0.538;0;0;0;1.2;2.2;0.538;0.538;0;0;0;1.5;1.7;3.2;0.2;0.3;1;0.8;2.8;2.3
411;Nikola Vu?evi?;C;32;CHI;9;9;31.1;5.4;13.2;0.412;1.6;4.4;0.35;3.9;8.8;0.443;0.471;3.1;3.3;0.933;3.3;9;12.3;2.8;0.2;0.9;2.1;2.4;15.6
412;Dean Wade;PF;26;CLE;7;3;24.9;3.3;5.6;0.59;2.1;3.9;0.556;1.1;1.7;0.667;0.782;1.1;1.6;0.727;0.6;3;3.6;1.3;0.4;0.3;0.4;2.3;9.9
413;Franz Wagner;SF;21;ORL;9;9;34.1;6.4;14.4;0.446;0.9;4.1;0.216;5.6;10.3;0.538;0.477;2.3;2.8;0.84;1.2;2.7;3.9;4.1;0.9;0.4;3;2;16.1
414;Jabari Walker;SF;20;POR;3;0;4.3;0.7;1;0.667;0;0.3;0;0.7;0.7;1;0.667;0;0;0;0.3;1.3;1.7;1;0;0;0;0;1.3
415;Lonnie Walker IV;SG;24;LAL;7;7;32.7;6;13.7;0.438;1.7;5.9;0.293;4.3;7.9;0.545;0.5;2.4;3.1;0.773;0.7;2.6;3.3;2.3;1.1;1;1.4;1.9;16.1
416;John Wall;PG;32;LAC;6;0;20.3;4.8;10.5;0.46;0.7;3;0.222;4.2;7.5;0.556;0.492;2.2;3.5;0.619;0.5;1.5;2;4.5;1;0.3;1.8;1.3;12.5
417;Duane Washington Jr.;SG;22;PHO;3;0;1.3;0.3;1.3;0.25;0;0.7;0;0.3;0.7;0.5;0.25;0;0;0;0;0;0;0;0;0;0;0;0.7
418;P.J. Washington;PF;24;CHO;8;8;31.1;6.3;13.8;0.455;2;5.3;0.381;4.3;8.5;0.5;0.527;1.5;1.8;0.857;1.1;3.6;4.8;1.9;0.4;1.3;2;3;16
419;Yuta Watanabe;SF;28;BRK;7;0;15.4;1.7;2.9;0.6;1;1.7;0.583;0.7;1.1;0.625;0.775;0;0.3;0;0.3;1.6;1.9;0.3;0;0.4;0.3;1.1;4.4
420;Lindy Waters III;SG;25;OKC;2;0;8;0.5;3;0.167;0.5;3;0.167;0;0;0;0.25;0;0;0;0.5;0.5;1;0;0;0;0;0;1.5
421;Peyton Watson;SG;20;DEN;4;0;2.3;0.8;1.8;0.429;0;0;0;0.8;1.8;0.429;0.429;0;0;0;0.5;0.3;0.8;0;0;0;0;0.3;1.5
422;Blake Wesley;SG;19;SAS;2;0;11.5;3;4.5;0.667;1;1.5;0.667;2;3;0.667;0.778;1;2;0.5;0.5;0.5;1;2;0;0;1;1.5;8
423;Russell Westbrook;PG;34;LAL;6;3;29.2;4.8;12.8;0.377;0.8;4;0.208;4;8.8;0.453;0.409;2.8;4;0.708;1.2;6;7.2;5.5;1.2;0.3;3.2;2.3;13.3
424;Coby White;PG;22;CHI;7;0;21.9;3;7.9;0.382;1.4;4.9;0.294;1.6;3;0.524;0.473;0.7;1.3;0.556;0.1;1.6;1.7;1.7;0.7;0;0.9;2;8.1
425;Derrick White;SG;28;BOS;7;7;27;3;6.9;0.438;1.6;3.7;0.423;1.4;3.1;0.455;0.552;1.1;1.4;0.8;0.6;2.9;3.4;3.1;0.6;0.7;0.7;3.3;8.7
426;Jack White;SF;25;DEN;2;0;2;0;0;0;0;0;0;0;0;0;0;0;0;0;0;0.5;0.5;0;0.5;0;0;0;0
427;Aaron Wiggins;SG;24;OKC;6;3;24.2;2.3;5.8;0.4;0.8;2.5;0.333;1.5;3.3;0.45;0.471;1.2;1.5;0.778;1;4.3;5.3;1.5;0.7;0.3;0.7;1.2;6.7
428;Andrew Wiggins;SF;27;GSW;9;9;33.3;6.7;14.3;0.465;2.3;6;0.389;4.3;8.3;0.52;0.547;1.8;2.4;0.727;1.8;3.9;5.7;2.9;1.2;1.2;0.9;3;17.4
429;Grant Williams;PF;24;BOS;6;0;25.8;3.2;5;0.633;2;3.5;0.571;1.2;1.5;0.778;0.833;1.5;1.8;0.818;0.7;3.8;4.5;1.5;0.5;1;0.3;3;9.8
430;Jalen Williams;SG;21;OKC;4;1;17.3;3.5;6;0.583;0.3;1.3;0.2;3.3;4.8;0.684;0.604;0.8;0.8;1;0;1;1;1.5;1.5;0.3;1.8;1.8;8
431;Jaylin Williams;PF;20;OKC;1;0;8;2;4;0.5;0;0;0;2;4;0.5;0.5;0;1;0;3;3;6;2;0;0;0;2;4
432;Kenrich Williams;PF;28;OKC;7;2;21.1;2.7;5.7;0.475;0.7;2;0.357;2;3.7;0.538;0.538;0.1;0.4;0.333;2;2.4;4.4;1.6;0.6;0.3;0.4;1.9;6.3
433;Mark Williams;C;21;CHO;3;0;4.3;1.3;2.3;0.571;0;0;0;1.3;2.3;0.571;0.571;1;1;1;1.3;1.3;2.7;0;0;0;0.7;1;3.7
434;Patrick Williams;PF;21;CHI;9;9;23.6;3.3;6.8;0.492;0.9;2.6;0.348;2.4;4.2;0.579;0.557;1.1;1.2;0.909;0.8;2.1;2.9;0.6;1;0.7;1.4;1.3;8.7
435;Vince Williams Jr.;SG;22;MEM;2;0;5.5;0.5;2.5;0.2;0;2;0;0.5;0.5;1;0.2;0;0;0;0.5;1;1.5;0.5;0.5;0;0;1;1
436;Zion Williamson;PF;22;NOP;5;5;31.6;9.6;19;0.505;0;0.2;0;9.6;18.8;0.511;0.505;3.6;5.2;0.692;2.4;5;7.4;4.2;1.4;0.4;2.6;2.4;22.8
437;Justise Winslow;SF;26;POR;6;0;24.7;2.5;7;0.357;0.5;1.5;0.333;2;5.5;0.364;0.393;1.2;1.7;0.7;2;3;5;3;1.7;0.7;1.2;1.8;6.7
438;James Wiseman;C;21;GSW;9;0;13.4;3.1;5.2;0.596;0;0;0;3.1;5.2;0.596;0.596;1.3;2.1;0.632;1;2.8;3.8;0.8;0.1;0.4;0.7;2.6;7.6
439;Christian Wood;PF;27;DAL;7;0;25.6;6.1;10.4;0.589;1.6;3.3;0.478;4.6;7.1;0.64;0.664;3.4;5.3;0.649;1.6;6.9;8.4;0.7;0.1;0.6;2.4;2.7;17.3
440;Delon Wright;PG;30;WAS;4;0;22.8;2.5;6;0.417;0.8;3;0.25;1.8;3;0.583;0.479;0.8;1.3;0.6;1;1.5;2.5;3.3;2.8;1;1;1.3;6.5
441;McKinley Wright IV;PG;24;DAL;1;0;5;1;4;0.25;0;1;0;1;3;0.333;0.25;0;0;0;1;1;2;2;1;0;0;0;2
442;Thaddeus Young;PF;34;TOR;5;0;8;1;2.4;0.417;0.2;1;0.2;0.8;1.4;0.571;0.458;0.2;0.4;0.5;0.4;1;1.4;0.6;1;0;0.2;0.8;2.4
443;Trae Young;PG;24;ATL;8;8;34.1;8.6;22.4;0.385;2.5;7.9;0.317;6.1;14.5;0.422;0.441;7.8;8.5;0.912;0.9;2.8;3.6;9.4;0.5;0.1;3.1;1.6;27.5
444;Ivica Zubac;C;25;LAC;8;8;28.8;3.8;6.4;0.588;0;0.1;0;3.8;6.3;0.6;0.588;1.6;2.8;0.591;2.6;8.5;11.1;1.4;0.3;2.6;2.1;2.9;9.1
